,tags,owner,is_answered,view_count,accepted_answer_id,answer_count,score,last_activity_date,creation_date,last_edit_date,question_id,content_license,link,title,closed_date,closed_reason
0,['typescript'],"{'account_id': 47620, 'reputation': 787, 'user_id': 141158, 'user_type': 'registered', 'accept_rate': 17, 'profile_image': 'https://www.gravatar.com/avatar/6d226f30b517e08d784042129d578ae1?s=256&d=identicon&r=PG', 'display_name': 'Igor Dvorkin', 'link': 'https://stackoverflow.com/users/141158/igor-dvorkin'}",True,11993,13642147.0,4,8,1668882720,1354265205,1464453999.0,13641692,CC BY-SA 3.0,https://stackoverflow.com/questions/13641692/how-to-use-getusermedia-from-typescript,How to use getUserMedia from TypeScript,,
1,['typescript'],"{'account_id': 29167, 'reputation': 11084, 'user_id': 78576, 'user_type': 'registered', 'accept_rate': 74, 'profile_image': 'https://www.gravatar.com/avatar/f4c1bd8cab704dc557566947cd76f020?s=256&d=identicon&r=PG', 'display_name': 'Armentage', 'link': 'https://stackoverflow.com/users/78576/armentage'}",True,585424,13315210.0,10,586,1668211240,1352491365,1668211240.0,13315131,CC BY-SA 4.0,https://stackoverflow.com/questions/13315131/enforcing-the-type-of-the-indexed-members-of-a-typescript-object,Enforcing the type of the indexed members of a Typescript object?,,
2,"['typescript', 'abstract-class', 'abstract']","{'account_id': 871926, 'reputation': 10860, 'user_id': 922584, 'user_type': 'registered', 'accept_rate': 80, 'profile_image': 'https://www.gravatar.com/avatar/05766da42bea2cb7c9e185fa66be4725?s=256&d=identicon&r=PG', 'display_name': 'Vojtěch', 'link': 'https://stackoverflow.com/users/922584/vojt%c4%9bch'}",True,214781,13335645.0,5,236,1663835483,1352654302,1663835483.0,13333489,CC BY-SA 4.0,https://stackoverflow.com/questions/13333489/declaring-abstract-method-in-typescript,Declaring abstract method in TypeScript,,
3,"['typescript', 'constructor', 'interface']","{'account_id': 2048354, 'reputation': 6820, 'user_id': 1827926, 'user_type': 'registered', 'profile_image': 'https://www.gravatar.com/avatar/96047c49031b412c397e5b4891d61c78?s=256&d=identicon&r=PG', 'display_name': 'Nypan', 'link': 'https://stackoverflow.com/users/1827926/nypan'}",True,132544,13408029.0,8,208,1660134754,1353017016,1550089972.0,13407036,CC BY-SA 4.0,https://stackoverflow.com/questions/13407036/how-does-interfaces-with-construct-signatures-work,How does interfaces with construct signatures work?,,
4,"['javascript', 'class', 'static', 'typescript']","{'account_id': 1489927, 'reputation': 7264, 'user_id': 1397271, 'user_type': 'registered', 'accept_rate': 61, 'profile_image': 'https://www.gravatar.com/avatar/78fde7538fcb5501856a02f7f646fa62?s=256&d=identicon&r=PG', 'display_name': 'Rayjax', 'link': 'https://stackoverflow.com/users/1397271/rayjax'}",True,247191,13212648.0,15,199,1650399779,1351969718,1499873449.0,13212521,CC BY-SA 3.0,https://stackoverflow.com/questions/13212521/typescript-static-classes,TypeScript static classes,,
5,['typescript'],"{'account_id': 1613753, 'reputation': 56402, 'user_id': 1492009, 'user_type': 'registered', 'accept_rate': 90, 'profile_image': 'https://i.stack.imgur.com/FtlBx.jpg?s=256&g=1', 'display_name': 'Mark Pieszak - Trilon.io', 'link': 'https://stackoverflow.com/users/1492009/mark-pieszak-trilon-io'}",True,12399,13255955.0,2,19,1644234061,1352218861,1557244933.0,13255158,CC BY-SA 4.0,https://stackoverflow.com/questions/13255158/when-to-use-classes-vs-modules-in-typescript,When to use Classes vs Modules in TypeScript?,,
6,"['mime-types', 'typescript']","{'account_id': 1482752, 'reputation': 767, 'user_id': 1391710, 'user_type': 'registered', 'accept_rate': 75, 'profile_image': 'https://i.stack.imgur.com/yQZsT.png?s=256&g=1', 'display_name': 'Zwirbelbart', 'link': 'https://stackoverflow.com/users/1391710/zwirbelbart'}",True,22745,13214026.0,5,29,1634553162,1351978848,,13213787,CC BY-SA 3.0,https://stackoverflow.com/questions/13213787/whats-the-mime-type-of-typescript,What&#39;s the MIME-Type of TypeScript?,,
7,['typescript'],"{'account_id': 47498, 'reputation': 2481, 'user_id': 140739, 'user_type': 'registered', 'accept_rate': 85, 'profile_image': 'https://www.gravatar.com/avatar/1ab8ca44acca7f5e4113af71daa1d691?s=256&d=identicon&r=PG', 'display_name': 'Oleg Mihailik', 'link': 'https://stackoverflow.com/users/140739/oleg-mihailik'}",True,44449,13459029.0,6,43,1633682662,1353269163,,13444064,CC BY-SA 3.0,https://stackoverflow.com/questions/13444064/typescript-conditional-module-import-export,TypeScript - conditional module import/export,,
8,"['casting', 'typescript']","{'account_id': 63217, 'reputation': 17387, 'user_id': 187279, 'user_type': 'registered', 'accept_rate': 65, 'profile_image': 'https://www.gravatar.com/avatar/d2895e9bbf4e969fadc859ec7704d425?s=256&d=identicon&r=PG', 'display_name': 'Klaus Nji', 'link': 'https://stackoverflow.com/users/187279/klaus-nji'}",True,405164,13206433.0,3,272,1631516478,1351901825,1390906574.0,13204759,CC BY-SA 3.0,https://stackoverflow.com/questions/13204759/typescript-or-javascript-type-casting,TypeScript or JavaScript type casting,,
9,['typescript'],"{'account_id': 1015698, 'reputation': 2845, 'user_id': 1027303, 'user_type': 'registered', 'accept_rate': 50, 'profile_image': 'https://www.gravatar.com/avatar/7640f35bd77a4f0d5dd01f55dbc165f4?s=256&d=identicon&r=PG', 'display_name': 'user1027303', 'link': 'https://stackoverflow.com/users/1027303/user1027303'}",True,161426,,7,278,1624998646,1352209067,1569010789.0,13252225,CC BY-SA 4.0,https://stackoverflow.com/questions/13252225/call-a-global-variable-inside-module,Call a global variable inside module,,
10,['typescript'],"{'account_id': 30695, 'reputation': 7399, 'user_id': 83806, 'user_type': 'registered', 'accept_rate': 81, 'profile_image': 'https://www.gravatar.com/avatar/3ec459157a208c159ff65ca77d6b88f3?s=256&d=identicon&r=PG', 'display_name': 'Adam Mills', 'link': 'https://stackoverflow.com/users/83806/adam-mills'}",True,390887,36643177.0,10,413,1606088759,1354133246,1559860139.0,13613524,CC BY-SA 4.0,https://stackoverflow.com/questions/13613524/get-an-objects-class-name-at-runtime,Get an object&#39;s class name at runtime,,
11,"['class', 'interface', 'overloading', 'typescript']","{'account_id': 1618137, 'reputation': 984, 'user_id': 1495261, 'user_type': 'registered', 'profile_image': 'https://www.gravatar.com/avatar/2e7f500a45a26bc13e7b9898c1ef4156?s=256&d=identicon&r=PG', 'display_name': 'Bashar Ali Labadi', 'link': 'https://stackoverflow.com/users/1495261/bashar-ali-labadi'}",True,18007,13219443.0,4,9,1605407303,1352038345,1352038837.0,13219289,CC BY-SA 3.0,https://stackoverflow.com/questions/13219289/functions-overloading-in-interface-and-classes-how-to,Functions Overloading in interface and classes - how to?,,
12,['typescript'],"{'account_id': 948983, 'reputation': 29832, 'user_id': 975566, 'user_type': 'registered', 'accept_rate': 86, 'profile_image': 'https://www.gravatar.com/avatar/75f945ecacb75c315681710b709fb207?s=256&d=identicon&r=PG', 'display_name': 'Samantha J T Star', 'link': 'https://stackoverflow.com/users/975566/samantha-j-t-star'}",True,16356,13348393.0,3,14,1594781399,1352739339,,13347918,CC BY-SA 3.0,https://stackoverflow.com/questions/13347918/where-can-i-get-the-latest-typescript-jquery-definition-file-from,Where can I get the latest typescript JQuery definition file from?,,
13,"['sql-server', 'typescript']","{'account_id': 2001889, 'reputation': 15, 'user_id': 1792721, 'user_type': 'registered', 'profile_image': 'https://www.gravatar.com/avatar/3ac3b4d12262499f1513f39411d28bda?s=256&d=identicon&r=PG', 'display_name': 'Kasim Siddiqi', 'link': 'https://stackoverflow.com/users/1792721/kasim-siddiqi'}",True,225,13188377.0,1,1,1594712946,1351807943,1594712946.0,13186319,CC BY-SA 4.0,https://stackoverflow.com/questions/13186319/typescript-declaration-file-for-msnodesql-module,Typescript declaration file for msnodesql module,,
14,"['typescript', 'overloading']","{'account_id': 63217, 'reputation': 17387, 'user_id': 187279, 'user_type': 'registered', 'accept_rate': 65, 'profile_image': 'https://www.gravatar.com/avatar/d2895e9bbf4e969fadc859ec7704d425?s=256&d=identicon&r=PG', 'display_name': 'Klaus Nji', 'link': 'https://stackoverflow.com/users/187279/klaus-nji'}",True,294603,13212862.0,6,373,1592327584,1351970543,,13212625,CC BY-SA 3.0,https://stackoverflow.com/questions/13212625/typescript-function-overloading,TypeScript function overloading,,
15,"['arrays', 'object', 'dictionary', 'typescript']","{'account_id': 1311096, 'reputation': 4155, 'user_id': 1259088, 'user_type': 'registered', 'accept_rate': 25, 'profile_image': 'https://www.gravatar.com/avatar/eb599e67ba9026c37501bc7785780c0b?s=256&d=identicon&r=PG', 'display_name': 'Robert Taylor', 'link': 'https://stackoverflow.com/users/1259088/robert-taylor'}",True,331185,13631733.0,6,390,1590725278,1354210904,1543159354.0,13631557,CC BY-SA 4.0,https://stackoverflow.com/questions/13631557/typescript-objects-as-dictionary-types-as-in-c,TypeScript Objects as Dictionary types as in C#,,
16,"['lambda', 'knockout.js', 'typescript']","{'account_id': 18175, 'reputation': 11445, 'user_id': 41403, 'user_type': 'registered', 'accept_rate': 88, 'profile_image': 'https://www.gravatar.com/avatar/476b1c3cf22e774b835403adc9af6a59?s=256&d=identicon&r=PG', 'display_name': 'Quango', 'link': 'https://stackoverflow.com/users/41403/quango'}",True,9900,13285438.0,8,34,1552049415,1352319634,1552049415.0,13277537,CC BY-SA 4.0,https://stackoverflow.com/questions/13277537/typescript-and-knockout-binding-to-this-issue-lambda-function-needed,TypeScript and Knockout binding to &#39;this&#39; issue - lambda function needed?,,
17,"['javascript', 'typescript']","{'account_id': 49472, 'reputation': 7843, 'user_id': 147301, 'user_type': 'registered', 'accept_rate': 97, 'profile_image': 'https://i.stack.imgur.com/5cRaa.png?s=256&g=1', 'display_name': 'Flores', 'link': 'https://stackoverflow.com/users/147301/flores'}",True,15129,13431993.0,3,22,1549316952,1353158371,1515074597.0,13430956,CC BY-SA 3.0,https://stackoverflow.com/questions/13430956/how-to-access-class-member-from-function-in-method-class-in-typescript,How to access class member from function in method class in typescript,,
18,"['javascript', 'typescript']","{'account_id': 948983, 'reputation': 29832, 'user_id': 975566, 'user_type': 'registered', 'accept_rate': 86, 'profile_image': 'https://www.gravatar.com/avatar/75f945ecacb75c315681710b709fb207?s=256&d=identicon&r=PG', 'display_name': 'Samantha J T Star', 'link': 'https://stackoverflow.com/users/975566/samantha-j-t-star'}",True,58624,13320802.0,1,29,1548509325,1352536911,1352741292.0,13320568,CC BY-SA 3.0,https://stackoverflow.com/questions/13320568/can-i-create-a-typescript-type-and-use-that-when-ajax-returns-json-data,Can I create a TypeScript type and use that when AJAX returns JSON data?,,
19,"['c#', '.net', 'reflection', 'typescript', 'roslyn']","{'account_id': 226776, 'reputation': 7721, 'user_id': 488004, 'user_type': 'registered', 'accept_rate': 95, 'profile_image': 'https://www.gravatar.com/avatar/17049ac98970bc77eefdf6418235b0cd?s=256&d=identicon&r=PG', 'display_name': 'dmck', 'link': 'https://stackoverflow.com/users/488004/dmck'}",True,3391,53376527.0,8,10,1542636949,1352499283,,13316810,CC BY-SA 3.0,https://stackoverflow.com/questions/13316810/roslyn-vs-reflection-for-typescript-code-generator,Roslyn vs Reflection for TypeScript code generator,,
20,"['java', 'javascript', 'node.js', 'typescript', 'tsc']","{'account_id': 871926, 'reputation': 10860, 'user_id': 922584, 'user_type': 'registered', 'accept_rate': 80, 'profile_image': 'https://www.gravatar.com/avatar/05766da42bea2cb7c9e185fa66be4725?s=256&d=identicon&r=PG', 'display_name': 'Vojtěch', 'link': 'https://stackoverflow.com/users/922584/vojt%c4%9bch'}",True,6635,13224038.0,4,4,1540581865,1352029407,1352030583.0,13218205,CC BY-SA 3.0,https://stackoverflow.com/questions/13218205/run-typescript-compiler-from-java,Run TypeScript compiler from Java,,
21,['typescript'],"{'account_id': 47498, 'reputation': 2481, 'user_id': 140739, 'user_type': 'registered', 'accept_rate': 85, 'profile_image': 'https://www.gravatar.com/avatar/1ab8ca44acca7f5e4113af71daa1d691?s=256&d=identicon&r=PG', 'display_name': 'Oleg Mihailik', 'link': 'https://stackoverflow.com/users/140739/oleg-mihailik'}",True,5201,50191945.0,2,18,1540435985,1352928858,,13387728,,https://stackoverflow.com/questions/13387728/typescript-language-services-examples,TypeScript language services examples,1525606247.0,Not suitable for this site
22,"['angularjs', 'typescript']","{'account_id': 2046558, 'reputation': 91, 'user_id': 1826517, 'user_type': 'registered', 'profile_image': 'https://i.stack.imgur.com/CkuVm.jpg?s=256&g=1', 'display_name': 'Grant Steinfeld', 'link': 'https://stackoverflow.com/users/1826517/grant-steinfeld'}",True,17053,,4,9,1539282835,1352982925,1359991488.0,13397652,CC BY-SA 3.0,https://stackoverflow.com/questions/13397652/typescript-example-of-angularjs-routeprovider-module,TypeScript example of AngularJS $routeProvider module,,
23,['typescript'],"{'account_id': 1717936, 'reputation': 17931, 'user_id': 1574622, 'user_type': 'registered', 'accept_rate': 94, 'profile_image': 'https://www.gravatar.com/avatar/125d2165cfdfea8f58fbb065a8c83665?s=256&d=identicon&r=PG', 'display_name': 'N. Taylor Mullen', 'link': 'https://stackoverflow.com/users/1574622/n-taylor-mullen'}",True,1985,13405075.0,2,4,1528493003,1353007752,,13404726,CC BY-SA 3.0,https://stackoverflow.com/questions/13404726/typescript-interfaces-that-are-used-to-new-objects,TypeScript interfaces that are used to &quot;new&quot; objects,,
24,['typescript'],"{'account_id': 224975, 'reputation': 2625, 'user_id': 485183, 'user_type': 'registered', 'accept_rate': 66, 'profile_image': 'https://i.stack.imgur.com/nAFij.png?s=256&g=1', 'display_name': 'Corey Alix', 'link': 'https://stackoverflow.com/users/485183/corey-alix'}",True,44026,21920276.0,6,54,1521620839,1353507075,1441866275.0,13495107,CC BY-SA 3.0,https://stackoverflow.com/questions/13495107/any-way-to-declare-a-nest-class-structure-in-typescript,Any way to declare a nest class structure in typescript?,,
25,"['javascript', 'typescript']","{'user_type': 'does_not_exist', 'display_name': 'user1647411'}",True,9273,13390084.0,6,6,1515174585,1352919930,1352927210.0,13385556,CC BY-SA 3.0,https://stackoverflow.com/questions/13385556/require-in-typescript,Require in Typescript,,
26,"['node.js', 'module', 'npm', 'typescript']","{'account_id': 1408791, 'reputation': 906, 'user_id': 1335827, 'user_type': 'registered', 'profile_image': 'https://www.gravatar.com/avatar/c321266e6a277cc511d1353a6cb3b086?s=256&d=identicon&r=PG', 'display_name': 'soheilpro', 'link': 'https://stackoverflow.com/users/1335827/soheilpro'}",True,5120,13381775.0,3,5,1503896501,1352905859,1352906327.0,13381503,CC BY-SA 3.0,https://stackoverflow.com/questions/13381503/importing-node-modules-in-typescript,Importing Node modules in TypeScript,,
27,['typescript'],"{'user_type': 'does_not_exist', 'display_name': 'user448516'}",True,15391,,1,5,1502717941,1352106969,1502717941.0,13229044,CC BY-SA 3.0,https://stackoverflow.com/questions/13229044/simple-extension-method-in-typescript,Simple extension method in TypeScript,,
28,['typescript'],"{'account_id': 47498, 'reputation': 2481, 'user_id': 140739, 'user_type': 'registered', 'accept_rate': 85, 'profile_image': 'https://www.gravatar.com/avatar/1ab8ca44acca7f5e4113af71daa1d691?s=256&d=identicon&r=PG', 'display_name': 'Oleg Mihailik', 'link': 'https://stackoverflow.com/users/140739/oleg-mihailik'}",True,1336,13389153.0,3,1,1496924393,1352934590,1352935832.0,13388982,CC BY-SA 3.0,https://stackoverflow.com/questions/13388982/what-js-runtimes-can-typescript-potentially-run-on,What JS runtimes can TypeScript potentially run on?,,
29,"['javascript', 'typescript']","{'account_id': 123118, 'reputation': 22292, 'user_id': 317384, 'user_type': 'registered', 'accept_rate': 62, 'profile_image': 'https://www.gravatar.com/avatar/be674120f51c26ee1091e887114a8e1a?s=256&d=identicon&r=PG', 'display_name': 'Roger Johansson', 'link': 'https://stackoverflow.com/users/317384/roger-johansson'}",True,1676,13179993.0,3,3,1496306628,1351780191,1383676555.0,13179210,CC BY-SA 3.0,https://stackoverflow.com/questions/13179210/typescript-applying-aspects-to-classes,TypeScript applying aspects to classes,,
30,"['javascript', 'rpc', 'typescript', 'web-worker', 'json-rpc']","{'account_id': 54246, 'reputation': 19442, 'user_id': 162273, 'user_type': 'registered', 'accept_rate': 81, 'profile_image': 'https://www.gravatar.com/avatar/430cb584ada70347d6bdaabdcf67390c?s=256&d=identicon&r=PG', 'display_name': 'Jason Kleban', 'link': 'https://stackoverflow.com/users/162273/jason-kleban'}",False,1592,,0,5,1492059739,1352403810,1492059739.0,13296549,,https://stackoverflow.com/questions/13296549/typescript-enhanced-sharedworker-portmessage-channel-contracts,TypeScript-enhanced SharedWorker PortMessage channel contracts,1352433310.0,not a real question
31,['typescript'],"{'account_id': 1886424, 'reputation': 536, 'user_id': 1705545, 'user_type': 'registered', 'accept_rate': 38, 'profile_image': 'https://i.stack.imgur.com/0lDHn.png?s=256&g=1', 'display_name': '4Str4ngeG4me', 'link': 'https://stackoverflow.com/users/1705545/4str4ngeg4me'}",True,236,13646006.0,2,2,1472497283,1354278307,,13645219,CC BY-SA 3.0,https://stackoverflow.com/questions/13645219/using-the-collection-model-attribute-in-backbone-js,Using the Collection.model attribute in Backbone.js,,
32,['typescript'],"{'account_id': 47498, 'reputation': 2481, 'user_id': 140739, 'user_type': 'registered', 'accept_rate': 85, 'profile_image': 'https://www.gravatar.com/avatar/1ab8ca44acca7f5e4113af71daa1d691?s=256&d=identicon&r=PG', 'display_name': 'Oleg Mihailik', 'link': 'https://stackoverflow.com/users/140739/oleg-mihailik'}",True,1730,13389429.0,2,15,1466186074,1352936417,,13389318,CC BY-SA 3.0,https://stackoverflow.com/questions/13389318/whats-the-difference-between-typescript-js-and-typescriptservices-js,What&#39;s the difference between typescript.js and typescriptServices.js?,,
33,"['javascript', 'google-maps', 'typescript']","{'account_id': 940813, 'reputation': 265, 'user_id': 968920, 'user_type': 'registered', 'accept_rate': 64, 'profile_image': 'https://www.gravatar.com/avatar/4c2a3a54573ccbd2e5fbc72e56a0c3a4?s=256&d=identicon&r=PG', 'display_name': 'Mark D', 'link': 'https://stackoverflow.com/users/968920/mark-d'}",True,1464,13477242.0,2,1,1464643682,1353419250,,13474632,CC BY-SA 3.0,https://stackoverflow.com/questions/13474632/google-map-generated-from-typescript-javascript-showing-as-grey-box,Google Map generated from typescript / javascript showing as grey box,,
34,"['google-maps', 'typescript']","{'account_id': 940813, 'reputation': 265, 'user_id': 968920, 'user_type': 'registered', 'accept_rate': 64, 'profile_image': 'https://www.gravatar.com/avatar/4c2a3a54573ccbd2e5fbc72e56a0c3a4?s=256&d=identicon&r=PG', 'display_name': 'Mark D', 'link': 'https://stackoverflow.com/users/968920/mark-d'}",True,11536,13458658.0,2,10,1463969796,1353343525,1369101292.0,13458328,CC BY-SA 3.0,https://stackoverflow.com/questions/13458328/creating-google-map-instance-in-typescript-class,Creating Google Map instance in typescript class,,
35,"['typescript', 'obsolete']","{'account_id': 47498, 'reputation': 2481, 'user_id': 140739, 'user_type': 'registered', 'accept_rate': 85, 'profile_image': 'https://www.gravatar.com/avatar/1ab8ca44acca7f5e4113af71daa1d691?s=256&d=identicon&r=PG', 'display_name': 'Oleg Mihailik', 'link': 'https://stackoverflow.com/users/140739/oleg-mihailik'}",True,7327,13435553.0,2,8,1457363353,1353189436,1457363353.0,13435175,CC BY-SA 3.0,https://stackoverflow.com/questions/13435175/typescript-what-is-export-import,TypeScript – what is &#39;export import&#39;?,,
36,['typescript'],"{'account_id': 60243, 'reputation': 305, 'user_id': 180004, 'user_type': 'registered', 'accept_rate': 100, 'profile_image': 'https://www.gravatar.com/avatar/1d6738e8aea04284d3ff9aed7e95b9d3?s=256&d=identicon&r=PG', 'display_name': 'jdsmith2816', 'link': 'https://stackoverflow.com/users/180004/jdsmith2816'}",True,2179,13620929.0,1,4,1453930700,1354165715,1354267684.0,13619222,CC BY-SA 3.0,https://stackoverflow.com/questions/13619222/how-to-access-a-static-member-from-within-a-constructor,How to access a static member from within a constructor,,
37,"['c#', 'javascript', 'typescript']","{'account_id': 1296612, 'reputation': 9300, 'user_id': 1252575, 'user_type': 'registered', 'accept_rate': 92, 'profile_image': 'https://www.gravatar.com/avatar/f30d945f3470250305f63134f0439a39?s=256&d=identicon&r=PG', 'display_name': 'Nickon', 'link': 'https://stackoverflow.com/users/1252575/nickon'}",True,5810,13647317.0,3,0,1452769621,1354284079,1354284203.0,13646736,CC BY-SA 3.0,https://stackoverflow.com/questions/13646736/translate-c-delegates-onto-typescript,Translate C# delegates onto TypeScript,,
38,['typescript'],"{'account_id': 383147, 'reputation': 3324, 'user_id': 738807, 'user_type': 'registered', 'accept_rate': 52, 'profile_image': 'https://i.stack.imgur.com/CgQKm.jpg?s=256&g=1', 'display_name': 'Greg Bala', 'link': 'https://stackoverflow.com/users/738807/greg-bala'}",True,11250,13350478.0,2,32,1449897660,1352745924,1449897660.0,13349579,CC BY-SA 3.0,https://stackoverflow.com/questions/13349579/how-to-slowly-move-to-migrate-to-typescript-in-an-existing-javascript-system,How to slowly move to / migrate to TypeScript in an existing JavaScript system,,
39,['typescript'],"{'account_id': 1717936, 'reputation': 17931, 'user_id': 1574622, 'user_type': 'registered', 'accept_rate': 94, 'profile_image': 'https://www.gravatar.com/avatar/125d2165cfdfea8f58fbb065a8c83665?s=256&d=identicon&r=PG', 'display_name': 'N. Taylor Mullen', 'link': 'https://stackoverflow.com/users/1574622/n-taylor-mullen'}",True,8629,13326859.0,3,6,1447170960,1352585715,,13326581,CC BY-SA 3.0,https://stackoverflow.com/questions/13326581/default-interface-object,Default interface object,,
40,"['javascript', 'visual-studio-2012', 'typescript']","{'account_id': 1952564, 'reputation': 296, 'user_id': 1756345, 'user_type': 'registered', 'accept_rate': 86, 'profile_image': 'https://www.gravatar.com/avatar/dcec2d02b274178cc23c8e3ed741be06?s=256&d=identicon&r=PG', 'display_name': 'NinjaFisherman', 'link': 'https://stackoverflow.com/users/1756345/ninjafisherman'}",True,6697,13266737.0,3,7,1441107024,1352253770,,13262244,CC BY-SA 3.0,https://stackoverflow.com/questions/13262244/rename-a-typescript-file,Rename a Typescript file,,
41,"['signalr', 'typescript']","{'account_id': 40193, 'reputation': 32987, 'user_id': 116395, 'user_type': 'registered', 'accept_rate': 77, 'profile_image': 'https://www.gravatar.com/avatar/132a8a9e5ddbd0c62d1dd59708c8d851?s=256&d=identicon&r=PG', 'display_name': 'iLemming', 'link': 'https://stackoverflow.com/users/116395/ilemming'}",True,9919,13358466.0,5,12,1441029085,1352486803,1352502289.0,13314083,CC BY-SA 3.0,https://stackoverflow.com/questions/13314083/signalr-typescripf-declaration-file,SignalR typescripf declaration file,,
42,['typescript'],"{'account_id': 206916, 'reputation': 15761, 'user_id': 456496, 'user_type': 'registered', 'accept_rate': 80, 'profile_image': 'https://www.gravatar.com/avatar/33128ca6e4e6bceeb695e2660e05242f?s=256&d=identicon&r=PG', 'display_name': 'Matt York', 'link': 'https://stackoverflow.com/users/456496/matt-york'}",True,684,13168871.0,2,3,1440883251,1351724359,1495542774.0,13168656,CC BY-SA 3.0,https://stackoverflow.com/questions/13168656/what-typescript-pattern-can-i-use-to-enforce-that-a-function-gets-a-property,What TypeScript pattern can I use to enforce that a function gets a property?,,
43,"['typescript', 'jsrender']","{'account_id': 1015698, 'reputation': 2845, 'user_id': 1027303, 'user_type': 'registered', 'accept_rate': 50, 'profile_image': 'https://www.gravatar.com/avatar/7640f35bd77a4f0d5dd01f55dbc165f4?s=256&d=identicon&r=PG', 'display_name': 'user1027303', 'link': 'https://stackoverflow.com/users/1027303/user1027303'}",True,771,13230081.0,2,1,1437457989,1352105324,,13228652,CC BY-SA 3.0,https://stackoverflow.com/questions/13228652/jsrender-with-typescript,JSRender with typescript,,
44,['typescript'],"{'account_id': 47498, 'reputation': 2481, 'user_id': 140739, 'user_type': 'registered', 'accept_rate': 85, 'profile_image': 'https://www.gravatar.com/avatar/1ab8ca44acca7f5e4113af71daa1d691?s=256&d=identicon&r=PG', 'display_name': 'Oleg Mihailik', 'link': 'https://stackoverflow.com/users/140739/oleg-mihailik'}",True,2009,,3,6,1433839083,1353152970,,13430260,CC BY-SA 3.0,https://stackoverflow.com/questions/13430260/structuring-a-large-complex-module-in-typescript,Structuring a large complex module in TypeScript,,
45,"['knockout.js', 'typescript', 'ko.observablearray']","{'account_id': 63217, 'reputation': 17387, 'user_id': 187279, 'user_type': 'registered', 'accept_rate': 65, 'profile_image': 'https://www.gravatar.com/avatar/d2895e9bbf4e969fadc859ec7704d425?s=256&d=identicon&r=PG', 'display_name': 'Klaus Nji', 'link': 'https://stackoverflow.com/users/187279/klaus-nji'}",True,9471,13168492.0,2,8,1420554995,1351720677,,13168051,CC BY-SA 3.0,https://stackoverflow.com/questions/13168051/knockout-observablearray-in-typescript,Knockout observableArray in TypeScript,,
46,"['jquery', 'typescript', 'js-amd']","{'account_id': 30695, 'reputation': 7399, 'user_id': 83806, 'user_type': 'registered', 'accept_rate': 81, 'profile_image': 'https://www.gravatar.com/avatar/3ec459157a208c159ff65ca77d6b88f3?s=256&d=identicon&r=PG', 'display_name': 'Adam Mills', 'link': 'https://stackoverflow.com/users/83806/adam-mills'}",True,1888,,3,2,1418347473,1353673093,1495541960.0,13529010,CC BY-SA 3.0,https://stackoverflow.com/questions/13529010/how-to-load-jquery-plugin-via-amd-module-with-typescript,How to load Jquery plugin via AMD module with Typescript,,
47,['typescript'],"{'account_id': 60243, 'reputation': 305, 'user_id': 180004, 'user_type': 'registered', 'accept_rate': 100, 'profile_image': 'https://www.gravatar.com/avatar/1d6738e8aea04284d3ff9aed7e95b9d3?s=256&d=identicon&r=PG', 'display_name': 'jdsmith2816', 'link': 'https://stackoverflow.com/users/180004/jdsmith2816'}",True,8742,26968075.0,3,3,1416211546,1354256805,,13640111,CC BY-SA 3.0,https://stackoverflow.com/questions/13640111/accessing-this-within-a-super-call,accessing this within a super() call,,
48,['typescript'],"{'account_id': 1643246, 'reputation': 3258, 'user_id': 1515307, 'user_type': 'registered', 'accept_rate': 52, 'profile_image': 'https://www.gravatar.com/avatar/064bc5f5c10efcafceedce2f0868a3ec?s=256&d=identicon&r=PG', 'display_name': 'James Hancock', 'link': 'https://stackoverflow.com/users/1515307/james-hancock'}",True,1002,,3,1,1411397095,1353510737,,13496210,CC BY-SA 3.0,https://stackoverflow.com/questions/13496210/cannot-get-typescript-debugging-to-work,cannot get typescript debugging to work,,
49,"['javascript', 'functional-programming', 'typescript', 'higher-order-functions']","{'account_id': 37001, 'reputation': 15597, 'user_id': 105678, 'user_type': 'registered', 'accept_rate': 89, 'profile_image': 'https://www.gravatar.com/avatar/859da59b3e4097fa659aabb55412de10?s=256&d=identicon&r=PG', 'display_name': 'Sean Clark Hess', 'link': 'https://stackoverflow.com/users/105678/sean-clark-hess'}",True,14069,13242690.0,1,23,1407357476,1352161784,,13242656,CC BY-SA 3.0,https://stackoverflow.com/questions/13242656/typescript-higher-order-function-types,Typescript - Higher order function types,,
50,"['node.js', 'casting', 'module', 'typescript']","{'account_id': 317048, 'reputation': 7773, 'user_id': 633513, 'user_type': 'registered', 'accept_rate': 72, 'profile_image': 'https://www.gravatar.com/avatar/2cdcb596551c53063b877ebf1227c70c?s=256&d=identicon&r=PG', 'display_name': 'LordZardeck', 'link': 'https://stackoverflow.com/users/633513/lordzardeck'}",True,1631,,2,0,1400132576,1354134487,1354267671.0,13613818,CC BY-SA 3.0,https://stackoverflow.com/questions/13613818/typescript-casting-with-modules,TypeScript casting with modules,,
51,"['javascript', 'asp.net-mvc', 'typescript', 'amd']","{'user_type': 'does_not_exist', 'display_name': 'user1679941'}",True,508,13515766.0,1,0,1395907425,1353596689,1395907425.0,13515447,CC BY-SA 3.0,https://stackoverflow.com/questions/13515447/what-is-a-typescript-amd-module-and-do-i-need-it-for-an-asp-mvc4-web-application,What is a typescript AMD module and do I need it for an ASP MVC4 web application?,,
52,"['node.js', 'mongodb', 'typescript']","{'account_id': 123118, 'reputation': 22292, 'user_id': 317384, 'user_type': 'registered', 'accept_rate': 62, 'profile_image': 'https://www.gravatar.com/avatar/be674120f51c26ee1091e887114a8e1a?s=256&d=identicon&r=PG', 'display_name': 'Roger Johansson', 'link': 'https://stackoverflow.com/users/317384/roger-johansson'}",True,4122,13172706.0,4,1,1390628293,1351696862,,13161276,CC BY-SA 3.0,https://stackoverflow.com/questions/13161276/mongodb-upsert-add-to-array,MongoDB Upsert add to array,,
53,"['c#', 'asp.net', 'server-side', 'typescript']","{'account_id': 689, 'reputation': 146101, 'user_id': 905, 'user_type': 'registered', 'accept_rate': 75, 'profile_image': 'https://www.gravatar.com/avatar/130b8a67fd029b2e6b5e56e7aad04952?s=256&d=identicon&r=PG', 'display_name': 'Keith', 'link': 'https://stackoverflow.com/users/905/keith'}",True,4395,,4,17,1390241765,1353512996,,13496911,CC BY-SA 3.0,https://stackoverflow.com/questions/13496911/using-typescript-with-an-inline-server-side-script-block-and-asp-net,Using TypeScript with an inline server-side `&lt;script&gt;` block and ASP.Net,,
54,"['requirejs', 'typescript']","{'account_id': 2011548, 'reputation': 71, 'user_id': 1799859, 'user_type': 'registered', 'profile_image': 'https://www.gravatar.com/avatar/a8ffb9cc538d48386752c48158daaf7c?s=256&d=identicon&r=PG', 'display_name': 'Md. Asadul Islam', 'link': 'https://stackoverflow.com/users/1799859/md-asadul-islam'}",True,6247,,3,7,1378291832,1352114360,1369061290.0,13231025,CC BY-SA 3.0,https://stackoverflow.com/questions/13231025/typescript-with-requirejs-for-coding-modular-way,TypeScript with requireJs for coding modular way,,
55,"['windows-8', 'visual-studio-2012', 'typescript']","{'account_id': 133011, 'reputation': 5223, 'user_id': 334060, 'user_type': 'registered', 'accept_rate': 86, 'profile_image': 'https://i.stack.imgur.com/A4Tag.jpg?s=256&g=1', 'display_name': 'Tom W Hall', 'link': 'https://stackoverflow.com/users/334060/tom-w-hall'}",True,1401,13387299.0,2,3,1377522682,1352888477,,13376943,CC BY-SA 3.0,https://stackoverflow.com/questions/13376943/typescript-not-enabled-in-visual-studio-2012-express-for-windows-8,TypeScript not enabled in Visual Studio 2012 Express for Windows 8,,
56,"['javascript', 'html', 'cordova', 'typescript']","{'account_id': 115666, 'reputation': 20570, 'user_id': 303612, 'user_type': 'registered', 'accept_rate': 60, 'profile_image': 'https://www.gravatar.com/avatar/1a4d8d31522b1a417e96b4ad8dfecc3e?s=256&d=identicon&r=PG', 'display_name': 'Dr. Andrew Burnett-Thompson', 'link': 'https://stackoverflow.com/users/303612/dr-andrew-burnett-thompson'}",True,4525,13199788.0,3,14,1369060861,1351875266,1351881430.0,13199755,CC BY-SA 3.0,https://stackoverflow.com/questions/13199755/can-typescript-be-used-in-conjunction-with-phonegap-or-similar,Can TypeScript be used in conjunction with PhoneGap (or similar)?,,
57,"['javascript', 'typescript']","{'user_type': 'does_not_exist', 'display_name': 'user1464139'}",True,456,16314947.0,1,1,1367396676,1353416557,1495539790.0,13473772,CC BY-SA 3.0,https://stackoverflow.com/questions/13473772/i-cannot-get-modules-inside-of-modules-to-work-when-split-across-multiple-files,I cannot get modules inside of modules to work when split across multiple files in typescript,,
58,"['visual-studio', 'node.js', 'typescript', 'tsc']","{'account_id': 1280086, 'reputation': 83, 'user_id': 1234386, 'user_type': 'registered', 'profile_image': 'https://www.gravatar.com/avatar/843906fd5fd8336b60f3f5bc8aa8a460?s=256&d=identicon&r=PG', 'display_name': 'stonedmind', 'link': 'https://stackoverflow.com/users/1234386/stonedmind'}",True,8179,13253230.0,2,8,1364363600,1352202438,1352211985.0,13250359,CC BY-SA 3.0,https://stackoverflow.com/questions/13250359/typescript-node-js-development-with-visual-studio-2012-express,"TypeScript, node.js development with Visual Studio 2012 express",,
59,"['ember.js', 'typescript']","{'account_id': 1897333, 'reputation': 1805, 'user_id': 1713985, 'user_type': 'registered', 'accept_rate': 83, 'profile_image': 'https://www.gravatar.com/avatar/ece7e4eaf4d653296e3dce29a9e94b16?s=256&d=identicon&r=PG', 'display_name': 'bbs', 'link': 'https://stackoverflow.com/users/1713985/bbs'}",True,392,,1,1,1362577547,1353930556,1362577547.0,13564259,CC BY-SA 3.0,https://stackoverflow.com/questions/13564259/creating-typescript-definitions-for-existing-jslibraries-nameclash-issues,creating TypeScript definitions for existing jslibraries nameclash issues,,
60,"['javascript', 'visual-studio', 'typescript']","{'account_id': 1538170, 'reputation': 2756, 'user_id': 1433564, 'user_type': 'registered', 'accept_rate': 62, 'profile_image': 'https://www.gravatar.com/avatar/3a85a4ac858868bd5a6dea457012dd62?s=256&d=identicon&r=PG', 'display_name': 'The Wavelength', 'link': 'https://stackoverflow.com/users/1433564/the-wavelength'}",True,1389,13317044.0,1,4,1360619410,1352499959,,13316922,CC BY-SA 3.0,https://stackoverflow.com/questions/13316922/visual-studio-2012-compile-more-typescript-files-to-one-javascript-file,Visual Studio 2012: compile more TypeScript files to one JavaScript file,,
61,"['node.js', 'typescript', 'tsc']","{'account_id': 1030516, 'reputation': 1000, 'user_id': 1038901, 'user_type': 'registered', 'accept_rate': 75, 'profile_image': 'https://www.gravatar.com/avatar/89be4abb1645915d60b3ce13c17abc26?s=256&d=identicon&r=PG', 'display_name': 'cnp', 'link': 'https://stackoverflow.com/users/1038901/cnp'}",True,17278,,1,20,1359209644,1353568705,1353630868.0,13507576,CC BY-SA 3.0,https://stackoverflow.com/questions/13507576/is-it-possible-to-compile-a-single-typescript-file-to-an-output-path-using-the-t,Is it possible to compile a single TypeScript file to an output path using the tsc command?,,
62,"['node.js', 'typescript']","{'account_id': 153070, 'reputation': 1821, 'user_id': 368065, 'user_type': 'registered', 'accept_rate': 43, 'profile_image': 'https://www.gravatar.com/avatar/f39b49328119158ca3e3e00df810d6dc?s=256&d=identicon&r=PG', 'display_name': 'Kikaimaru', 'link': 'https://stackoverflow.com/users/368065/kikaimaru'}",True,1464,,2,1,1357212123,1354046094,1357212123.0,13591988,CC BY-SA 3.0,https://stackoverflow.com/questions/13591988/typescript-module-importing-cases-classes-to-be-undefined,Typescript module importing cases classes to be undefined,,
63,"['javascript', 'dependency-injection', 'functional-programming', 'typescript']","{'account_id': 37001, 'reputation': 15597, 'user_id': 105678, 'user_type': 'registered', 'accept_rate': 89, 'profile_image': 'https://www.gravatar.com/avatar/859da59b3e4097fa659aabb55412de10?s=256&d=identicon&r=PG', 'display_name': 'Sean Clark Hess', 'link': 'https://stackoverflow.com/users/105678/sean-clark-hess'}",True,2887,13345438.0,2,3,1354909065,1352487539,,13314241,CC BY-SA 3.0,https://stackoverflow.com/questions/13314241/closures-in-typescript-dependency-injection,Closures in Typescript (Dependency Injection),,
64,['typescript'],"{'account_id': 26279, 'reputation': 20165, 'user_id': 68231, 'user_type': 'registered', 'accept_rate': 89, 'profile_image': 'https://www.gravatar.com/avatar/6f45ffef27497554d8e3f6dbc52ed4da?s=256&d=identicon&r=PG', 'display_name': 'Ken Smith', 'link': 'https://stackoverflow.com/users/68231/ken-smith'}",True,1987,13752911.0,3,2,1354829224,1354150918,,13617130,CC BY-SA 3.0,https://stackoverflow.com/questions/13617130/wrong-this-when-calling-a-superclass-method-from-a-callback-in-a-subclass-in-t,Wrong &quot;this&quot; when calling a superclass method from a callback in a subclass in TypeScript,,
65,['typescript'],"{'account_id': 224975, 'reputation': 2625, 'user_id': 485183, 'user_type': 'registered', 'accept_rate': 66, 'profile_image': 'https://i.stack.imgur.com/nAFij.png?s=256&g=1', 'display_name': 'Corey Alix', 'link': 'https://stackoverflow.com/users/485183/corey-alix'}",True,1846,,3,0,1354711986,1351824171,1352128555.0,13188568,CC BY-SA 3.0,https://stackoverflow.com/questions/13188568/can-typescript-d-ts-describe-an-anonymous-method-with-typed-args,Can TypeScript (d.ts) describe an anonymous method with typed args?,,
66,"['javascript', 'obfuscation', 'typescript', 'google-closure-compiler']","{'account_id': 1952564, 'reputation': 296, 'user_id': 1756345, 'user_type': 'registered', 'accept_rate': 86, 'profile_image': 'https://www.gravatar.com/avatar/dcec2d02b274178cc23c8e3ed741be06?s=256&d=identicon&r=PG', 'display_name': 'NinjaFisherman', 'link': 'https://stackoverflow.com/users/1756345/ninjafisherman'}",True,4236,13659929.0,2,4,1354386582,1354227979,,13635901,CC BY-SA 3.0,https://stackoverflow.com/questions/13635901/typescript-and-google-closure,Typescript and Google Closure,,
67,"['c#', 'typescript']","{'account_id': 1296612, 'reputation': 9300, 'user_id': 1252575, 'user_type': 'registered', 'accept_rate': 92, 'profile_image': 'https://www.gravatar.com/avatar/f30d945f3470250305f63134f0439a39?s=256&d=identicon&r=PG', 'display_name': 'Nickon', 'link': 'https://stackoverflow.com/users/1252575/nickon'}",True,316,13644548.0,1,1,1354275515,1354270671,1354272786.0,13643180,CC BY-SA 3.0,https://stackoverflow.com/questions/13643180/translate-jsobject-into-typescript-object,Translate JsObject into TypeScript Object,,
68,"['socket.io', 'typescript']","{'account_id': 317048, 'reputation': 7773, 'user_id': 633513, 'user_type': 'registered', 'accept_rate': 72, 'profile_image': 'https://www.gravatar.com/avatar/2cdcb596551c53063b877ebf1227c70c?s=256&d=identicon&r=PG', 'display_name': 'LordZardeck', 'link': 'https://stackoverflow.com/users/633513/lordzardeck'}",True,2345,13614983.0,1,0,1354267622,1354132470,1354267622.0,13613330,CC BY-SA 3.0,https://stackoverflow.com/questions/13613330/socket-io-definition-file-for-typescript,socket.io definition file for TypeScript,,
69,"['node.js', 'plugins', 'visual-studio-2012', 'typescript', 'web-essentials']","{'account_id': 417949, 'reputation': 12448, 'user_id': 794226, 'user_type': 'registered', 'accept_rate': 77, 'profile_image': 'https://www.gravatar.com/avatar/e953176c9d6580cc27faf64b4bda3f4d?s=256&d=identicon&r=PG', 'display_name': 'Parv Sharma', 'link': 'https://stackoverflow.com/users/794226/parv-sharma'}",True,642,13624913.0,2,0,1354267556,1354085808,1354267556.0,13599480,CC BY-SA 3.0,https://stackoverflow.com/questions/13599480/typescript-vs-2012-plugin-is-not-generating-javascript-for-this-specific-code,TypeScript VS 2012 plugin is not generating JavaScript for this specific code,,
70,['typescript'],"{'account_id': 42731, 'reputation': 1031, 'user_id': 124580, 'user_type': 'registered', 'accept_rate': 76, 'profile_image': 'https://www.gravatar.com/avatar/7baf9650d61e15f990e26f52dff7eba2?s=256&d=identicon&r=PG', 'display_name': 'mvbaffa', 'link': 'https://stackoverflow.com/users/124580/mvbaffa'}",True,302,13601213.0,1,0,1354267522,1354060068,1354267522.0,13595310,CC BY-SA 3.0,https://stackoverflow.com/questions/13595310/inheriting-a-inner-class-of-an-amd-module,Inheriting a inner class of an AMD Module,,
71,['typescript'],"{'account_id': 1870, 'reputation': 3993, 'user_id': 2582, 'user_type': 'registered', 'accept_rate': 86, 'profile_image': 'https://i.stack.imgur.com/ilwH4.jpg?s=256&g=1', 'display_name': 'jedatu', 'link': 'https://stackoverflow.com/users/2582/jedatu'}",True,3950,13631617.0,1,3,1354211090,1354207545,,13630578,CC BY-SA 3.0,https://stackoverflow.com/questions/13630578/why-does-the-jquery-d-ts-typescript-definition-file-throw-a-compile-error,Why does the jquery.d.ts TypeScript definition file throw a compile error?,,
72,"['javascript', 'typescript']","{'account_id': 166347, 'reputation': 6501, 'user_id': 390407, 'user_type': 'registered', 'accept_rate': 92, 'profile_image': 'https://www.gravatar.com/avatar/26929cfd38c72772ebb3a94b94c3e8ad?s=256&d=identicon&r=PG', 'display_name': 'ryan', 'link': 'https://stackoverflow.com/users/390407/ryan'}",True,936,13617460.0,2,5,1354152981,1353434748,,13479358,CC BY-SA 3.0,https://stackoverflow.com/questions/13479358/ambient-declaration-styles-and-modules,Ambient declaration styles and modules,,
73,['typescript'],"{'account_id': 60243, 'reputation': 305, 'user_id': 180004, 'user_type': 'registered', 'accept_rate': 100, 'profile_image': 'https://www.gravatar.com/avatar/1d6738e8aea04284d3ff9aed7e95b9d3?s=256&d=identicon&r=PG', 'display_name': 'jdsmith2816', 'link': 'https://stackoverflow.com/users/180004/jdsmith2816'}",True,3299,13601012.0,1,12,1354099999,1354078713,1354099999.0,13598109,CC BY-SA 3.0,https://stackoverflow.com/questions/13598109/access-constructor-of-class-defined-in-typescript,Access .constructor of class defined in TypeScript,,
74,['typescript'],"{'account_id': 60243, 'reputation': 305, 'user_id': 180004, 'user_type': 'registered', 'accept_rate': 100, 'profile_image': 'https://www.gravatar.com/avatar/1d6738e8aea04284d3ff9aed7e95b9d3?s=256&d=identicon&r=PG', 'display_name': 'jdsmith2816', 'link': 'https://stackoverflow.com/users/180004/jdsmith2816'}",True,1094,13594762.0,1,3,1354064383,1354056228,,13594530,CC BY-SA 3.0,https://stackoverflow.com/questions/13594530/how-do-i-store-a-reference-to-a-constructor,How do I store a reference to a constructor?,,
75,['typescript'],"{'account_id': 47498, 'reputation': 2481, 'user_id': 140739, 'user_type': 'registered', 'accept_rate': 85, 'profile_image': 'https://www.gravatar.com/avatar/1ab8ca44acca7f5e4113af71daa1d691?s=256&d=identicon&r=PG', 'display_name': 'Oleg Mihailik', 'link': 'https://stackoverflow.com/users/140739/oleg-mihailik'}",True,3151,13594746.0,1,6,1354057116,1354057116,,13594745,CC BY-SA 3.0,https://stackoverflow.com/questions/13594745/how-to-debug-typescript-compiler,How to debug TypeScript compiler?,,
76,"['typescript', 'tsc']","{'account_id': 6223, 'reputation': 3193, 'user_id': 10391, 'user_type': 'registered', 'accept_rate': 100, 'profile_image': 'https://www.gravatar.com/avatar/0cb282c655660e200d64fdb8e1868044?s=256&d=identicon&r=PG', 'display_name': 'dcstraw', 'link': 'https://stackoverflow.com/users/10391/dcstraw'}",True,1893,13260126.0,3,5,1354056691,1352225743,1352232481.0,13256885,CC BY-SA 3.0,https://stackoverflow.com/questions/13256885/how-do-i-build-the-typescript-compiler-tsc-js-from-source,How do I build the TypeScript compiler (tsc.js) from source?,,
77,"['signalr', 'typescript']","{'account_id': 26279, 'reputation': 20165, 'user_id': 68231, 'user_type': 'registered', 'accept_rate': 89, 'profile_image': 'https://www.gravatar.com/avatar/6f45ffef27497554d8e3f6dbc52ed4da?s=256&d=identicon&r=PG', 'display_name': 'Ken Smith', 'link': 'https://stackoverflow.com/users/68231/ken-smith'}",True,3008,13574392.0,3,3,1354033472,1353965055,1353969082.0,13573398,CC BY-SA 3.0,https://stackoverflow.com/questions/13573398/exporting-a-typescript-module-results-in-interfaces-not-getting-picked-up,Exporting a TypeScript module results in interfaces not getting picked up,,
78,"['jquery', 'typescript']","{'account_id': 1908772, 'reputation': 55, 'user_id': 1723108, 'user_type': 'registered', 'profile_image': 'https://www.gravatar.com/avatar/81e9a84c36a89f6e4c888050f33d36cc?s=256&d=identicon&r=PG', 'display_name': 'smartgoblin83', 'link': 'https://stackoverflow.com/users/1723108/smartgoblin83'}",True,608,13585980.0,1,3,1354025926,1354024100,1354024794.0,13585665,CC BY-SA 3.0,https://stackoverflow.com/questions/13585665/jquery-function-on-parent-dom-object-compile-error-with-typescript,Jquery function on parent dom object compile error with TypeScript,,
79,"['module', 'scope', 'typescript', 'amd']","{'account_id': 1030516, 'reputation': 1000, 'user_id': 1038901, 'user_type': 'registered', 'accept_rate': 75, 'profile_image': 'https://www.gravatar.com/avatar/89be4abb1645915d60b3ce13c17abc26?s=256&d=identicon&r=PG', 'display_name': 'cnp', 'link': 'https://stackoverflow.com/users/1038901/cnp'}",True,3642,13581276.0,1,5,1354009180,1353971811,,13574843,CC BY-SA 3.0,https://stackoverflow.com/questions/13574843/importing-typescript-module-located-in-path-lower-than-current-path-throws-scope,Importing TypeScript Module located in path lower than current path throws Scope Error,,
80,['typescript'],"{'account_id': 1155812, 'reputation': 900, 'user_id': 1136455, 'user_type': 'registered', 'accept_rate': 40, 'profile_image': 'https://www.gravatar.com/avatar/89bc907c923a839491b4954e5507f78e?s=256&d=identicon&r=PG', 'display_name': 'Stuart Rackham', 'link': 'https://stackoverflow.com/users/1136455/stuart-rackham'}",True,3018,,1,8,1353967487,1353731566,,13538296,CC BY-SA 3.0,https://stackoverflow.com/questions/13538296/are-object-index-signatures-are-equivalent-to-array-types,Are object index signatures are equivalent to array types?,,
81,"['google-chrome', 'typescript', 'web-essentials', 'source-maps']","{'account_id': 26279, 'reputation': 20165, 'user_id': 68231, 'user_type': 'registered', 'accept_rate': 89, 'profile_image': 'https://www.gravatar.com/avatar/6f45ffef27497554d8e3f6dbc52ed4da?s=256&d=identicon&r=PG', 'display_name': 'Ken Smith', 'link': 'https://stackoverflow.com/users/68231/ken-smith'}",True,15057,13570387.0,1,7,1353952383,1353948004,1353950057.0,13569192,CC BY-SA 3.0,https://stackoverflow.com/questions/13569192/typescript-source-map-files-dont-work-with-chrome,TypeScript source map files don&#39;t work with Chrome,,
82,['typescript'],"{'account_id': 2074931, 'reputation': 172, 'user_id': 1848576, 'user_type': 'registered', 'accept_rate': 60, 'profile_image': 'https://www.gravatar.com/avatar/d4f34fe863e1dfa4e2e9333939ef7afc?s=256&d=identicon&r=PG', 'display_name': 'stopyoukid', 'link': 'https://stackoverflow.com/users/1848576/stopyoukid'}",True,1523,13552919.0,1,4,1353860550,1353713391,,13536872,CC BY-SA 3.0,https://stackoverflow.com/questions/13536872/import-modules-as-classes-dojo,import modules as classes (dojo),,
83,['typescript'],"{'account_id': 1263290, 'reputation': 2087, 'user_id': 1221118, 'user_type': 'registered', 'accept_rate': 89, 'profile_image': 'https://www.gravatar.com/avatar/931e9bf94717ebd18e085a4189a1e150?s=256&d=identicon&r=PG', 'display_name': 'Peter StJ', 'link': 'https://stackoverflow.com/users/1221118/peter-stj'}",True,6296,13552641.0,1,5,1353858729,1353846488,,13551001,CC BY-SA 3.0,https://stackoverflow.com/questions/13551001/typescript-mutiple-call-signature-for-exported-function,typescript mutiple call signature for exported function,,
84,"['typescript', 'web-essentials']","{'account_id': 1717936, 'reputation': 17931, 'user_id': 1574622, 'user_type': 'registered', 'accept_rate': 94, 'profile_image': 'https://www.gravatar.com/avatar/125d2165cfdfea8f58fbb065a8c83665?s=256&d=identicon&r=PG', 'display_name': 'N. Taylor Mullen', 'link': 'https://stackoverflow.com/users/1574622/n-taylor-mullen'}",True,631,13392836.0,2,0,1353693246,1352958070,1352958429.0,13392120,CC BY-SA 3.0,https://stackoverflow.com/questions/13392120/typescript-compile-crashes-vs2012-with-web-essentials-1-8,TypeScript compile crashes VS2012 with Web Essentials 1.8,,
85,"['javascript', 'typescript']","{'user_type': 'does_not_exist', 'display_name': 'user1464139'}",True,8050,13439043.0,1,2,1353686779,1353170575,,13432546,CC BY-SA 3.0,https://stackoverflow.com/questions/13432546/how-can-i-access-localstorage-using-typescript,How can I access localstorage using typescript?,,
86,['typescript'],"{'account_id': 1412806, 'reputation': 6950, 'user_id': 1339087, 'user_type': 'registered', 'accept_rate': 61, 'profile_image': 'https://i.stack.imgur.com/98CKO.png?s=256&g=1', 'display_name': 'Nikos', 'link': 'https://stackoverflow.com/users/1339087/nikos'}",True,1611,13527666.0,1,2,1353668220,1353666603,,13527202,CC BY-SA 3.0,https://stackoverflow.com/questions/13527202/typescript-scope-issue-with-anonymous-self-executing-function,Typescript scope issue with anonymous self executing function,,
87,['typescript'],"{'account_id': 1886424, 'reputation': 536, 'user_id': 1705545, 'user_type': 'registered', 'accept_rate': 38, 'profile_image': 'https://i.stack.imgur.com/0lDHn.png?s=256&g=1', 'display_name': '4Str4ngeG4me', 'link': 'https://stackoverflow.com/users/1705545/4str4ngeg4me'}",True,557,13518271.0,2,1,1353608715,1353595786,,13515188,CC BY-SA 3.0,https://stackoverflow.com/questions/13515188/what-does-statstemplate-params-any-string-means,What does &quot;statsTemplate: (params: any) =&gt; string;&quot; means?,,
88,"['jquery', 'typescript']","{'account_id': 1102, 'reputation': 64254, 'user_id': 1463, 'user_type': 'registered', 'accept_rate': 78, 'profile_image': 'https://www.gravatar.com/avatar/d9f2c02c23a3013166710a1d24bca056?s=256&d=identicon&r=PG', 'display_name': 'Guy', 'link': 'https://stackoverflow.com/users/1463/guy'}",True,1010,13509328.0,1,0,1353576020,1353544455,,13504274,CC BY-SA 3.0,https://stackoverflow.com/questions/13504274/jquery-is-function-in-typescript-definition,jQuery is() function in TypeScript definition,,
89,"['asp.net-mvc-4', 'visual-studio-2012', 'typescript']","{'account_id': 63217, 'reputation': 17387, 'user_id': 187279, 'user_type': 'registered', 'accept_rate': 65, 'profile_image': 'https://www.gravatar.com/avatar/d2895e9bbf4e969fadc859ec7704d425?s=256&d=identicon&r=PG', 'display_name': 'Klaus Nji', 'link': 'https://stackoverflow.com/users/187279/klaus-nji'}",True,1306,13498554.0,1,2,1353532651,1353504940,1353532651.0,13494477,CC BY-SA 3.0,https://stackoverflow.com/questions/13494477/visual-studio-2012-not-picking-up-latest-compiled-typescript-for-asp-net-mvc4-pr,Visual Studio 2012 not picking up latest compiled TypeScript for ASP.NET MVC4 project,,
90,['typescript'],"{'account_id': 1643246, 'reputation': 3258, 'user_id': 1515307, 'user_type': 'registered', 'accept_rate': 52, 'profile_image': 'https://www.gravatar.com/avatar/064bc5f5c10efcafceedce2f0868a3ec?s=256&d=identicon&r=PG', 'display_name': 'James Hancock', 'link': 'https://stackoverflow.com/users/1515307/james-hancock'}",True,849,13499580.0,1,1,1353521892,1353505595,1495542440.0,13494672,,https://stackoverflow.com/questions/13494672/typescript-compiler-including-external-references-in-compile,Typescript compiler including external references in compile,1353535982.0,exact duplicate
91,"['javascript', 'typescript']","{'user_type': 'does_not_exist', 'display_name': 'user1464139'}",True,77,13496084.0,1,0,1353510362,1353510014,,13495998,CC BY-SA 3.0,https://stackoverflow.com/questions/13495998/how-can-i-have-code-inside-a-function-that-executes-other-functions-in-typescrip,How can I have code inside a function that executes other functions in typescript / javascript?,,
92,['typescript'],"{'account_id': 2005, 'reputation': 1489, 'user_id': 2756, 'user_type': 'registered', 'accept_rate': 82, 'profile_image': 'https://i.stack.imgur.com/ASYZD.jpg?s=256&g=1', 'display_name': 'Dan Maharry', 'link': 'https://stackoverflow.com/users/2756/dan-maharry'}",True,186,13483878.0,1,0,1353453422,1353450382,,13483282,CC BY-SA 3.0,https://stackoverflow.com/questions/13483282/what-is-a-str-file-with-respect-to-typescript,What is a str file with respect to TypeScript?,,
93,"['javascript', 'windows-8', 'visual-studio-2012', 'typescript', 'web-essentials']","{'account_id': 977254, 'reputation': 38358, 'user_id': 997973, 'user_type': 'moderator', 'accept_rate': 77, 'profile_image': 'https://www.gravatar.com/avatar/f5a40ddfdb04a2dc8ebecb80e3158685?s=256&d=identicon&r=PG', 'display_name': 'Wouter de Kort', 'link': 'https://stackoverflow.com/users/997973/wouter-de-kort'}",True,3162,13477650.0,2,4,1353428987,1353357359,1353416112.0,13461758,CC BY-SA 3.0,https://stackoverflow.com/questions/13461758/referencing-typescript-file-includes-whole-file-in-output,Referencing TypeScript file includes whole file in output,,
94,"['javascript', 'typescript']","{'user_type': 'does_not_exist', 'display_name': 'user1464139'}",True,246,13468894.0,1,2,1353398724,1353396601,,13468451,CC BY-SA 3.0,https://stackoverflow.com/questions/13468451/is-there-any-advantage-to-using-classes-with-static-functions-versus-modules,Is there any advantage to using Classes with static functions versus Modules?,,
95,"['javascript', 'typescript']","{'user_type': 'does_not_exist', 'display_name': 'user1464139'}",True,2149,13468255.0,1,1,1353395758,1353395325,,13468166,CC BY-SA 3.0,https://stackoverflow.com/questions/13468166/can-i-declare-a-static-private-function-in-typescript,Can I declare a static private function in typescript?,,
96,"['javascript', 'jquery', 'typescript']","{'user_type': 'does_not_exist', 'display_name': 'user1464139'}",True,526,13444834.0,3,3,1353339723,1353265516,,13443502,CC BY-SA 3.0,https://stackoverflow.com/questions/13443502/jquery-typescript-definition-for-prop,JQuery typescript definition for .prop?,,
97,"['typescript', 'web-essentials']","{'account_id': 26279, 'reputation': 20165, 'user_id': 68231, 'user_type': 'registered', 'accept_rate': 89, 'profile_image': 'https://www.gravatar.com/avatar/6f45ffef27497554d8e3f6dbc52ed4da?s=256&d=identicon&r=PG', 'display_name': 'Ken Smith', 'link': 'https://stackoverflow.com/users/68231/ken-smith'}",True,856,13456861.0,1,3,1353338787,1353336656,,13456220,CC BY-SA 3.0,https://stackoverflow.com/questions/13456220/visual-studio-web-essentials-typescript-preview-window-doesnt-work-with-typescr,Visual Studio Web Essentials Typescript preview window doesn&#39;t work with Typescript 0.8.1,,
98,"['kendo-ui', 'typescript']","{'account_id': 174416, 'reputation': 2148, 'user_id': 403765, 'user_type': 'registered', 'accept_rate': 89, 'profile_image': 'https://i.stack.imgur.com/U7Vrf.jpg?s=256&g=1', 'display_name': 'Robert McLaws', 'link': 'https://stackoverflow.com/users/403765/robert-mclaws'}",True,584,13410187.0,1,2,1353267630,1353035280,,13409791,CC BY-SA 3.0,https://stackoverflow.com/questions/13409791/typescript-definition-where-property-type-is-known-but-the-name-is-not,TypeScript definition where property type is known but the name is *not*,,
99,"['javascript', 'typescript']","{'user_type': 'does_not_exist', 'display_name': 'user1464139'}",True,894,13439436.0,1,2,1353236178,1353233101,,13439157,CC BY-SA 3.0,https://stackoverflow.com/questions/13439157/do-i-need-to-specify-a-return-type-for-an-anonymous-function-in-javascript-typ,Do I need to specify a return type for an anonymous function in javascript / typescript?,,
100,"['function', 'typescript']","{'account_id': 90775, 'reputation': 4191, 'user_id': 249695, 'user_type': 'registered', 'accept_rate': 89, 'profile_image': 'https://www.gravatar.com/avatar/8ea32a431f7b61544cbf4fc81000a5d2?s=256&d=identicon&r=PG', 'display_name': 'Oldrich Svec', 'link': 'https://stackoverflow.com/users/249695/oldrich-svec'}",True,699,13434613.0,1,1,1353185104,1353180613,,13434030,CC BY-SA 3.0,https://stackoverflow.com/questions/13434030/function-type-using-typescript,Function type using typescript,,
101,"['javascript', 'typescript']","{'user_type': 'does_not_exist', 'display_name': 'user1679941'}",True,90,13383766.0,2,1,1353067138,1352910272,1352911322.0,13382842,CC BY-SA 3.0,https://stackoverflow.com/questions/13382842/would-it-more-easy-to-maintain-if-this-is-implemented-as-a-class-or-a-function-i,Would it more easy to maintain if this is implemented as a class or a function in typescript?,,
102,"['javascript', 'typescript']","{'account_id': 948983, 'reputation': 29832, 'user_id': 975566, 'user_type': 'registered', 'accept_rate': 86, 'profile_image': 'https://www.gravatar.com/avatar/75f945ecacb75c315681710b709fb207?s=256&d=identicon&r=PG', 'display_name': 'Samantha J T Star', 'link': 'https://stackoverflow.com/users/975566/samantha-j-t-star'}",True,125,13414848.0,1,1,1353062060,1353060627,,13414397,CC BY-SA 3.0,https://stackoverflow.com/questions/13414397/how-can-i-call-a-function-inside-a-class-from-inside-a-function-called-up-by-aja,How can I call a function inside a class from inside a function called up by Ajax in typescript?,,
103,"['javascript', 'typescript']","{'account_id': 1273832, 'reputation': 440, 'user_id': 1229502, 'user_type': 'registered', 'accept_rate': 100, 'profile_image': 'https://www.gravatar.com/avatar/77df6cd76bd61267180b7547f12583b6?s=256&d=identicon&r=PG', 'display_name': 'localhost', 'link': 'https://stackoverflow.com/users/1229502/localhost'}",True,160,13404229.0,1,2,1353056680,1353002867,,13403541,CC BY-SA 3.0,https://stackoverflow.com/questions/13403541/use-a-js-plugin-that-modifies-event-in-typescript,Use a js plugin that modifies Event in typescript,,
104,"['sublimetext2', 'typescript']","{'account_id': 2280, 'reputation': 7041, 'user_id': 3154, 'user_type': 'registered', 'accept_rate': 80, 'profile_image': 'https://www.gravatar.com/avatar/306569425926f1d0e7512a9f8646d553?s=256&d=identicon&r=PG', 'display_name': 'David Sykes', 'link': 'https://stackoverflow.com/users/3154/david-sykes'}",True,1052,13403828.0,1,2,1353045018,1352995961,1495541075.0,13401598,CC BY-SA 3.0,https://stackoverflow.com/questions/13401598/how-can-i-parse-error-messages-from-typescript-in-sublime-text-2,How can I parse error messages from TypeScript in Sublime Text 2?,,
105,"['javascript', 'arrays', 'typescript', 'typed-arrays']","{'account_id': 2049081, 'reputation': 532, 'user_id': 1828467, 'user_type': 'registered', 'profile_image': 'https://www.gravatar.com/avatar/e8fb958ce92173b3c0b1290621e569ed?s=256&d=identicon&r=PG', 'display_name': 'duncan', 'link': 'https://stackoverflow.com/users/1828467/duncan'}",True,5304,13410479.0,1,3,1353040502,1353036944,1353039398.0,13409987,CC BY-SA 3.0,https://stackoverflow.com/questions/13409987/typescript-interface-to-cover-array-and-typed-arrays,TypeScript interface to cover Array and Typed Arrays,,
106,"['windows-8', 'visual-studio-2012', 'syntax-highlighting', 'typescript']","{'account_id': 297461, 'reputation': 28560, 'user_id': 603003, 'user_type': 'registered', 'accept_rate': 92, 'profile_image': 'https://i.stack.imgur.com/XBlaU.png?s=256&g=1', 'display_name': 'ComFreek', 'link': 'https://stackoverflow.com/users/603003/comfreek'}",True,1170,13409379.0,2,1,1353031736,1352831532,1352832219.0,13366580,CC BY-SA 3.0,https://stackoverflow.com/questions/13366580/typescript-syntax-highlighting-for-vs-2012-for-windows-8,TypeScript Syntax highlighting for VS 2012 for Windows 8,,
107,"['javascript', 'typescript']","{'account_id': 948983, 'reputation': 29832, 'user_id': 975566, 'user_type': 'registered', 'accept_rate': 86, 'profile_image': 'https://www.gravatar.com/avatar/75f945ecacb75c315681710b709fb207?s=256&d=identicon&r=PG', 'display_name': 'Samantha J T Star', 'link': 'https://stackoverflow.com/users/975566/samantha-j-t-star'}",True,411,13399625.0,1,0,1352994932,1352989322,,13399439,CC BY-SA 3.0,https://stackoverflow.com/questions/13399439/how-can-i-pass-a-class-variable-into-a-function-inside-a-function-with-typescrip,How can I pass a class variable into a function inside a function with typescript?,,
108,"['javascript', 'typescript']","{'account_id': 948983, 'reputation': 29832, 'user_id': 975566, 'user_type': 'registered', 'accept_rate': 86, 'profile_image': 'https://www.gravatar.com/avatar/75f945ecacb75c315681710b709fb207?s=256&d=identicon&r=PG', 'display_name': 'Samantha J T Star', 'link': 'https://stackoverflow.com/users/975566/samantha-j-t-star'}",True,121,13399038.0,1,1,1352988063,1352987227,,13398795,CC BY-SA 3.0,https://stackoverflow.com/questions/13398795/how-can-i-access-a-class-variable-inside-a-class-function,How can I access a class variable inside a class function?,,
109,"['javascript', 'typescript']","{'account_id': 948983, 'reputation': 29832, 'user_id': 975566, 'user_type': 'registered', 'accept_rate': 86, 'profile_image': 'https://www.gravatar.com/avatar/75f945ecacb75c315681710b709fb207?s=256&d=identicon&r=PG', 'display_name': 'Samantha J T Star', 'link': 'https://stackoverflow.com/users/975566/samantha-j-t-star'}",True,1449,13397707.0,1,1,1352983186,1352982628,,13397574,CC BY-SA 3.0,https://stackoverflow.com/questions/13397574/how-can-i-call-a-function-inside-a-function-in-typescript,How can I call a function inside a function in Typescript?,,
110,"['javascript', 'typescript']","{'account_id': 948983, 'reputation': 29832, 'user_id': 975566, 'user_type': 'registered', 'accept_rate': 86, 'profile_image': 'https://www.gravatar.com/avatar/75f945ecacb75c315681710b709fb207?s=256&d=identicon&r=PG', 'display_name': 'Samantha J T Star', 'link': 'https://stackoverflow.com/users/975566/samantha-j-t-star'}",True,259,13394341.0,2,2,1352970668,1352967502,,13393696,CC BY-SA 3.0,https://stackoverflow.com/questions/13393696/is-there-some-feature-like-c-using-in-typescript,Is there some feature like C# &quot;using&quot; in typescript?,,
111,['typescript'],"{'account_id': 47498, 'reputation': 2481, 'user_id': 140739, 'user_type': 'registered', 'accept_rate': 85, 'profile_image': 'https://www.gravatar.com/avatar/1ab8ca44acca7f5e4113af71daa1d691?s=256&d=identicon&r=PG', 'display_name': 'Oleg Mihailik', 'link': 'https://stackoverflow.com/users/140739/oleg-mihailik'}",True,106,13389130.0,1,1,1352935377,1352935195,1495541075.0,13389087,CC BY-SA 3.0,https://stackoverflow.com/questions/13389087/how-to-run-tests-included-with-typescript-sourcecode,How to run tests included with TypeScript sourcecode?,,
112,"['typescript', 'file-not-found']","{'account_id': 63217, 'reputation': 17387, 'user_id': 187279, 'user_type': 'registered', 'accept_rate': 65, 'profile_image': 'https://www.gravatar.com/avatar/d2895e9bbf4e969fadc859ec7704d425?s=256&d=identicon&r=PG', 'display_name': 'Klaus Nji', 'link': 'https://stackoverflow.com/users/187279/klaus-nji'}",False,492,,1,1,1352902455,1352902245,,13380434,CC BY-SA 3.0,https://stackoverflow.com/questions/13380434/typescript-compiler-error-reading-file,TypeScript compiler: error reading file,,
113,"['constructor', 'typescript']","{'account_id': 2043035, 'reputation': 23, 'user_id': 1823768, 'user_type': 'registered', 'profile_image': 'https://www.gravatar.com/avatar/5387243a46a142a2e5491c9b18bf277f?s=256&d=identicon&r=PG', 'display_name': 'user1823768', 'link': 'https://stackoverflow.com/users/1823768/user1823768'}",True,791,,1,2,1352900961,1352900257,,13379872,CC BY-SA 3.0,https://stackoverflow.com/questions/13379872/typescript-class-member-shorthand-bug,TypeScript class member shorthand bug?,,
114,"['javascript', 'typescript']","{'account_id': 948983, 'reputation': 29832, 'user_id': 975566, 'user_type': 'registered', 'accept_rate': 86, 'profile_image': 'https://www.gravatar.com/avatar/75f945ecacb75c315681710b709fb207?s=256&d=identicon&r=PG', 'display_name': 'Samantha J T Star', 'link': 'https://stackoverflow.com/users/975566/samantha-j-t-star'}",True,93,,2,1,1352897866,1352871027,1352872610.0,13373515,CC BY-SA 3.0,https://stackoverflow.com/questions/13373515/how-can-i-call-a-function-thats-created-inside-a-chain-of-other-functions,How can I call a function that&#39;s created inside a chain of other functions?,,
115,"['javascript', 'typescript']","{'user_type': 'does_not_exist', 'display_name': 'user1679941'}",True,77,13376506.0,1,2,1352887277,1352886351,,13376352,CC BY-SA 3.0,https://stackoverflow.com/questions/13376352/how-can-i-handle-the-calling-of-a-function-with-two-objects-that-implement-diffe,How can I handle the calling of a function with two objects that implement different interfaces in typescript?,,
116,"['visual-studio-2012', 'typescript']","{'account_id': 2041053, 'reputation': 51, 'user_id': 1822242, 'user_type': 'registered', 'profile_image': 'https://www.gravatar.com/avatar/90cf6f883f7d430ebcc3dcac5c1bf676?s=256&d=identicon&r=PG', 'display_name': 'Chris Muench', 'link': 'https://stackoverflow.com/users/1822242/chris-muench'}",True,2319,,1,5,1352884510,1352846673,1352883927.0,13370205,CC BY-SA 3.0,https://stackoverflow.com/questions/13370205/typescript-does-not-compile-if-it-is-located-in-subfolder,Typescript does not compile if it is located in subfolder?,,
117,"['syntax-highlighting', 'typescript']","{'account_id': 956110, 'reputation': 461, 'user_id': 981377, 'user_type': 'registered', 'profile_image': 'https://www.gravatar.com/avatar/f1f470f23a35ba6ed264745b2058ac1d?s=256&d=identicon&r=PG', 'display_name': 'PeteK68', 'link': 'https://stackoverflow.com/users/981377/petek68'}",True,240,13282565.0,2,0,1352830219,1352349936,,13282564,CC BY-SA 3.0,https://stackoverflow.com/questions/13282564/typescript-installs-incorrectly,TypeScript installs incorrectly,,
118,"['javascript', 'typescript']","{'account_id': 948983, 'reputation': 29832, 'user_id': 975566, 'user_type': 'registered', 'accept_rate': 86, 'profile_image': 'https://www.gravatar.com/avatar/75f945ecacb75c315681710b709fb207?s=256&d=identicon&r=PG', 'display_name': 'Samantha J T Star', 'link': 'https://stackoverflow.com/users/975566/samantha-j-t-star'}",True,103,13364887.0,1,1,1352825045,1352822463,1352823237.0,13364149,CC BY-SA 3.0,https://stackoverflow.com/questions/13364149/is-there-a-way-i-can-reduce-the-number-of-reference-paths-defined-at-the-top-of,Is there a way I can reduce the number of reference paths defined at the top of a typescript file?,,
119,"['javascript', 'typescript']","{'account_id': 948983, 'reputation': 29832, 'user_id': 975566, 'user_type': 'registered', 'accept_rate': 86, 'profile_image': 'https://www.gravatar.com/avatar/75f945ecacb75c315681710b709fb207?s=256&d=identicon&r=PG', 'display_name': 'Samantha J T Star', 'link': 'https://stackoverflow.com/users/975566/samantha-j-t-star'}",True,98,13361707.0,2,0,1352821228,1352813469,,13361595,CC BY-SA 3.0,https://stackoverflow.com/questions/13361595/will-typescript-help-me-to-decide-which-function-gets-called,Will Typescript help me to decide which function gets called?,,
120,"['javascript', 'typescript']","{'account_id': 948983, 'reputation': 29832, 'user_id': 975566, 'user_type': 'registered', 'accept_rate': 86, 'profile_image': 'https://www.gravatar.com/avatar/75f945ecacb75c315681710b709fb207?s=256&d=identicon&r=PG', 'display_name': 'Samantha J T Star', 'link': 'https://stackoverflow.com/users/975566/samantha-j-t-star'}",True,72,,1,0,1352821020,1352819309,,13363206,CC BY-SA 3.0,https://stackoverflow.com/questions/13363206/is-this-the-correct-way-for-me-to-create-javascript-namespaces-with-typescript,Is this the correct way for me to create javascript namespaces with typescript?,,
121,"['typescript', 'tsc']","{'account_id': 26279, 'reputation': 20165, 'user_id': 68231, 'user_type': 'registered', 'accept_rate': 89, 'profile_image': 'https://www.gravatar.com/avatar/6f45ffef27497554d8e3f6dbc52ed4da?s=256&d=identicon&r=PG', 'display_name': 'Ken Smith', 'link': 'https://stackoverflow.com/users/68231/ken-smith'}",True,981,13353622.0,3,0,1352791328,1352761280,1495542115.0,13353033,CC BY-SA 3.0,https://stackoverflow.com/questions/13353033/typescript-compiler-error-unable-to-get-value-of-the-property-publicmembers,Typescript compiler error: &quot;Unable to get value of the property &#39;publicMembers&#39;: object is null or undefined&quot;,,
122,['typescript'],"{'account_id': 2036918, 'reputation': 153, 'user_id': 1819056, 'user_type': 'registered', 'profile_image': 'https://www.gravatar.com/avatar/32fc922da8fcf94019c11b1aa555d2d6?s=256&d=identicon&r=PG', 'display_name': 'Greg Ruhnow', 'link': 'https://stackoverflow.com/users/1819056/greg-ruhnow'}",True,2700,13350693.0,1,2,1352751791,1352749932,1352750603.0,13350541,CC BY-SA 3.0,https://stackoverflow.com/questions/13350541/typescript-error-on-valid-javascript,Typescript error on valid javascript,,
123,"['javascript', 'jquery', 'typescript']","{'account_id': 948983, 'reputation': 29832, 'user_id': 975566, 'user_type': 'registered', 'accept_rate': 86, 'profile_image': 'https://www.gravatar.com/avatar/75f945ecacb75c315681710b709fb207?s=256&d=identicon&r=PG', 'display_name': 'Samantha J T Star', 'link': 'https://stackoverflow.com/users/975566/samantha-j-t-star'}",True,6452,,3,5,1352741256,1352618300,1352741256.0,13329329,CC BY-SA 3.0,https://stackoverflow.com/questions/13329329/does-a-javascript-variable-not-declared-with-var-become-global,Does a JavaScript variable not declared with var become global?,,
124,"['javascript', 'typescript']","{'user_type': 'does_not_exist', 'display_name': 'user1679941'}",True,573,13343039.0,1,1,1352741187,1352697225,1352741187.0,13338700,CC BY-SA 3.0,https://stackoverflow.com/questions/13338700/how-can-i-define-the-types-used-in-an-array-with-a-definition-file-when-using-ty,How can I define the types used in an array with a definition file when using TypeScript?,,
125,"['javascript', 'jquery', 'typescript']","{'user_type': 'does_not_exist', 'display_name': 'user1679941'}",True,163,13344663.0,3,1,1352741140,1352726123,1352741140.0,13344394,CC BY-SA 3.0,https://stackoverflow.com/questions/13344394/when-i-pass-an-object-to-a-javascript-function-does-that-object-get-passed-by-re,When I pass an object to a JavaScript function does that object get passed by reference?,,
126,"['javascript', 'jquery', 'typescript']","{'account_id': 948983, 'reputation': 29832, 'user_id': 975566, 'user_type': 'registered', 'accept_rate': 86, 'profile_image': 'https://www.gravatar.com/avatar/75f945ecacb75c315681710b709fb207?s=256&d=identicon&r=PG', 'display_name': 'Samantha J T Star', 'link': 'https://stackoverflow.com/users/975566/samantha-j-t-star'}",True,109,13346072.0,2,3,1352734762,1352729419,,13345209,CC BY-SA 3.0,https://stackoverflow.com/questions/13345209/how-can-i-get-type-checking-for-a-value-passed-into-my-ajax-done-function-throug,How can I get type checking for a value passed into my ajax done function through the context?,,
127,"['javascript', 'ajax', 'jquery', 'typescript']","{'user_type': 'does_not_exist', 'display_name': 'user1679941'}",True,102,13343602.0,2,2,1352722763,1352722522,,13343557,CC BY-SA 3.0,https://stackoverflow.com/questions/13343557/how-can-i-pass-copies-of-object-to-the-function-in-the-done-of-a-ajax,How can I pass copies of object to the function in the .done() of a $.ajax?,,
128,"['javascript', 'node.js', 'intellisense', 'typescript', 'sublimetext']","{'account_id': 1030516, 'reputation': 1000, 'user_id': 1038901, 'user_type': 'registered', 'accept_rate': 75, 'profile_image': 'https://www.gravatar.com/avatar/89be4abb1645915d60b3ce13c17abc26?s=256&d=identicon&r=PG', 'display_name': 'cnp', 'link': 'https://stackoverflow.com/users/1038901/cnp'}",False,424,,0,4,1352679446,1352679446,,13336917,,https://stackoverflow.com/questions/13336917/is-there-a-typescript-intellisense-editor-for-osx,Is There a TypeScript IntelliSense Editor for OSX?,1352704261.0,off topic
129,"['javascript', 'typescript']","{'user_type': 'does_not_exist', 'display_name': 'user1679941'}",True,319,,2,1,1352670251,1352647655,,13332553,CC BY-SA 3.0,https://stackoverflow.com/questions/13332553/does-it-lead-to-more-maintainable-code-if-i-start-class-fields-with-an-uppercase,Does it lead to more maintainable code if I start class fields with an uppercase character in Typescript?,,
130,"['javascript', 'jquery', 'typescript']","{'account_id': 948983, 'reputation': 29832, 'user_id': 975566, 'user_type': 'registered', 'accept_rate': 86, 'profile_image': 'https://www.gravatar.com/avatar/75f945ecacb75c315681710b709fb207?s=256&d=identicon&r=PG', 'display_name': 'Samantha J T Star', 'link': 'https://stackoverflow.com/users/975566/samantha-j-t-star'}",True,54,13332286.0,2,0,1352645949,1352644678,,13332107,CC BY-SA 3.0,https://stackoverflow.com/questions/13332107/can-i-use-an-interface-to-define-allowable-fields-for-an-object,Can I use an interface to define allowable fields for an object?,,
131,"['javascript', 'typescript']","{'account_id': 948983, 'reputation': 29832, 'user_id': 975566, 'user_type': 'registered', 'accept_rate': 86, 'profile_image': 'https://www.gravatar.com/avatar/75f945ecacb75c315681710b709fb207?s=256&d=identicon&r=PG', 'display_name': 'Samantha J T Star', 'link': 'https://stackoverflow.com/users/975566/samantha-j-t-star'}",True,249,13330723.0,1,1,1352634390,1352633056,,13330667,CC BY-SA 3.0,https://stackoverflow.com/questions/13330667/how-can-i-define-an-object-to-have-different-fields-using-typescript,How can I define an object to have different fields using typescript?,,
132,"['dom', 'declaration', 'typescript']","{'account_id': 2001889, 'reputation': 15, 'user_id': 1792721, 'user_type': 'registered', 'profile_image': 'https://www.gravatar.com/avatar/3ac3b4d12262499f1513f39411d28bda?s=256&d=identicon&r=PG', 'display_name': 'Kasim Siddiqi', 'link': 'https://stackoverflow.com/users/1792721/kasim-siddiqi'}",True,2144,13300216.0,1,0,1352420392,1352408134,1352420392.0,13297647,CC BY-SA 3.0,https://stackoverflow.com/questions/13297647/when-referencing-dom-declare-lib-d-ts-in-typescript-file-gives-error-exited-with,When referencing DOM declare lib.d.ts in typescript file gives error exited with code 1,,
133,['typescript'],"{'account_id': 104223, 'reputation': 5452, 'user_id': 278768, 'user_type': 'registered', 'accept_rate': 72, 'profile_image': 'https://www.gravatar.com/avatar/676ad0ce5720c43dfcbe8221f1cc797e?s=256&d=identicon&r=PG', 'display_name': 'Matt', 'link': 'https://stackoverflow.com/users/278768/matt'}",True,653,13253571.0,2,-1,1352242404,1352213144,1352213467.0,13253425,CC BY-SA 3.0,https://stackoverflow.com/questions/13253425/how-do-i-get-at-a-property,How do I Get at a Property?,,
134,"['visual-studio-2012', 'ember.js', 'typescript']","{'account_id': 1897333, 'reputation': 1805, 'user_id': 1713985, 'user_type': 'registered', 'accept_rate': 83, 'profile_image': 'https://www.gravatar.com/avatar/ece7e4eaf4d653296e3dce29a9e94b16?s=256&d=identicon&r=PG', 'display_name': 'bbs', 'link': 'https://stackoverflow.com/users/1713985/bbs'}",True,1005,13253055.0,1,2,1352211921,1352205640,1352206102.0,13251294,CC BY-SA 3.0,https://stackoverflow.com/questions/13251294/typescript-definitelytyped-ember-js-d-ts-doesnt-compile,TypeScript DefinitelyTyped Ember.js d.ts doesn&#39;t compile,,
135,"['knockout.js', 'typescript']","{'account_id': 175205, 'reputation': 313, 'user_id': 405066, 'user_type': 'registered', 'accept_rate': 83, 'profile_image': 'https://www.gravatar.com/avatar/b060d680da7d279d55d3e1284fca13c7?s=256&d=identicon&r=PG', 'display_name': 'Andrew Benton', 'link': 'https://stackoverflow.com/users/405066/andrew-benton'}",True,2331,13238240.0,4,6,1352207365,1352137407,,13237467,CC BY-SA 3.0,https://stackoverflow.com/questions/13237467/typescript-member-method-passed-into-ko-click-binding-ends-up-with-wrong-scope,Typescript member method passed into KO click binding ends up with &quot;wrong&quot; scope,,
136,"['javascript', 'node.js', 'typescript']","{'account_id': 478433, 'reputation': 30545, 'user_id': 1334007, 'user_type': 'registered', 'accept_rate': 69, 'profile_image': 'https://i.stack.imgur.com/x29d6.png?s=256&g=1', 'display_name': 'd512', 'link': 'https://stackoverflow.com/users/1334007/d512'}",True,11443,,1,9,1352141163,1352129507,,13235257,CC BY-SA 3.0,https://stackoverflow.com/questions/13235257/how-to-use-declaration-files-in-typescript,How to use declaration files in TypeScript,,
137,"['jquery', 'scope', 'typescript']","{'account_id': 1873803, 'reputation': 49, 'user_id': 1695475, 'user_type': 'registered', 'accept_rate': 44, 'profile_image': 'https://www.gravatar.com/avatar/a195d340d330487d82fada9f39733b66?s=256&d=identicon&r=PG', 'display_name': 'Maciej Andrzej', 'link': 'https://stackoverflow.com/users/1695475/maciej-andrzej'}",True,962,13222186.0,2,1,1352115728,1352057741,1352063427.0,13222099,CC BY-SA 3.0,https://stackoverflow.com/questions/13222099/typescript-and-jquery-scope-error-code-1-while-compiling,TypeScript and jQuery scope error - code 1 while compiling,,
138,['typescript'],"{'account_id': 301516, 'reputation': 29050, 'user_id': 609290, 'user_type': 'registered', 'accept_rate': 62, 'profile_image': 'https://i.stack.imgur.com/WUBht.jpg?s=256&g=1', 'display_name': 'DazWilkin', 'link': 'https://stackoverflow.com/users/609290/dazwilkin'}",True,309,13220345.0,2,2,1352045839,1352002319,,13216006,CC BY-SA 3.0,https://stackoverflow.com/questions/13216006/naming-function-types,Naming function types,,
139,['typescript'],"{'account_id': 1155812, 'reputation': 900, 'user_id': 1136455, 'user_type': 'registered', 'accept_rate': 40, 'profile_image': 'https://www.gravatar.com/avatar/89bc907c923a839491b4954e5507f78e?s=256&d=identicon&r=PG', 'display_name': 'Stuart Rackham', 'link': 'https://stackoverflow.com/users/1136455/stuart-rackham'}",True,336,13214172.0,1,2,1351982151,1351978552,,13213739,CC BY-SA 3.0,https://stackoverflow.com/questions/13213739/why-are-undeclared-object-properties-not-flagged-as-errors,Why are undeclared object properties not flagged as errors?,,
140,"['node.js', 'typescript']","{'account_id': 478433, 'reputation': 30545, 'user_id': 1334007, 'user_type': 'registered', 'accept_rate': 69, 'profile_image': 'https://i.stack.imgur.com/x29d6.png?s=256&g=1', 'display_name': 'd512', 'link': 'https://stackoverflow.com/users/1334007/d512'}",True,1306,13203882.0,2,0,1351897648,1351893284,1351897648.0,13203558,CC BY-SA 3.0,https://stackoverflow.com/questions/13203558/typescript-generating-javascript-that-doesnt-work,Typescript generating javascript that doesn&#39;t work,,
141,"['visual-studio-2012', 'typescript']","{'account_id': 938646, 'reputation': 365, 'user_id': 967125, 'user_type': 'registered', 'accept_rate': 43, 'profile_image': 'https://www.gravatar.com/avatar/311232fe9e334bec1b3fad07488f1bb5?s=256&d=identicon&r=PG', 'display_name': 'Rendijs S', 'link': 'https://stackoverflow.com/users/967125/rendijs-s'}",True,2837,13198360.0,1,3,1351870316,1351808993,,13186499,CC BY-SA 3.0,https://stackoverflow.com/questions/13186499/web-essentials-is-adding-js-map-to-the-project-when-saving-a-typescript-file,Web Essentials is adding .js.map to the project when saving a TypeScript file,,
142,"['javascript', 'jquery', 'typescript']","{'user_type': 'does_not_exist', 'display_name': 'user1679941'}",True,253,13171195.0,1,2,1351803922,1351743676,1351803922.0,13170905,CC BY-SA 3.0,https://stackoverflow.com/questions/13170905/do-i-need-to-declare-all-my-jquery-prototypes-in-a-jquerystatic-definition-file,Do I need to declare all my JQuery prototypes in a JQueryStatic definition file with TypeScript?,,
143,"['javascript', 'jquery', 'typescript']","{'user_type': 'does_not_exist', 'display_name': 'user1679941'}",True,328,13174299.0,2,7,1351803892,1351756224,1351803892.0,13173001,CC BY-SA 3.0,https://stackoverflow.com/questions/13173001/what-is-the-difference-between-using-and-for-the-return-type-with-a-typescr,What is the difference between using : and =&gt; for the return type with a TypeScript function?,,
144,"['javascript', 'typescript']","{'user_type': 'does_not_exist', 'display_name': 'user1679941'}",True,252,13175500.0,1,1,1351803759,1351766288,1351803759.0,13175297,CC BY-SA 3.0,https://stackoverflow.com/questions/13175297/can-intellisense-pick-up-definitions-without-a-definition-file-in-typescript,Can intellisense pick up definitions without a definition file in TypeScript?,,
