,tags,owner,is_answered,view_count,answer_count,score,last_activity_date,creation_date,question_id,content_license,link,title,accepted_answer_id,last_edit_date,closed_date,closed_reason
0,"['python', 'macos', 'tkinter']","{'account_id': 20261495, 'reputation': 31, 'user_id': 14859751, 'user_type': 'registered', 'profile_image': 'https://i.stack.imgur.com/hQ9Ox.jpg?s=256&g=1', 'display_name': 'Ash-', 'link': 'https://stackoverflow.com/users/14859751/ash'}",True,494,4,3,1669705252,1658340272,73056296,CC BY-SA 4.0,https://stackoverflow.com/questions/73056296/tkinter-on-mac-shows-up-as-a-black-screen,Tkinter on mac shows up as a black screen,,,,
1,"['python', 'python-3.x', 'gmail', 'gmail-api']","{'account_id': 3509112, 'reputation': 89, 'user_id': 2933913, 'user_type': 'registered', 'profile_image': 'https://www.gravatar.com/avatar/?s=256&d=identicon&r=PG&f=1', 'display_name': 'OrbitDuster', 'link': 'https://stackoverflow.com/users/2933913/orbitduster'}",True,162,1,1,1669701142,1658721899,73103953,CC BY-SA 4.0,https://stackoverflow.com/questions/73103953/how-to-print-the-body-of-gmail-in-python-using-gmail-api,how to print the body of gmail in python using gmail api?,73104031.0,,,
2,"['python', 'regression', 'logistic-regression', 'pycaret']","{'account_id': 8756898, 'reputation': 87, 'user_id': 8858124, 'user_type': 'registered', 'profile_image': 'https://www.gravatar.com/avatar/a17d8d48114222a055e6744a24987804?s=256&d=identicon&r=PG&f=1', 'display_name': 'Gustavomoty', 'link': 'https://stackoverflow.com/users/8858124/gustavomoty'}",False,132,1,0,1669700969,1658152370,73023479,CC BY-SA 4.0,https://stackoverflow.com/questions/73023479/get-parameter-estimates-from-logistic-regression-model-using-pycaret,Get parameter estimates from logistic regression model using pycaret,,,,
3,"['python', 'pandas', 'plotly', 'plotly-dash', 'treemap']","{'account_id': 15118653, 'reputation': 40, 'user_id': 10910070, 'user_type': 'registered', 'profile_image': 'https://lh6.googleusercontent.com/-x8EOSpKLRRQ/AAAAAAAAAAI/AAAAAAAAACM/qfn6IKt7PGk/photo.jpg?sz=256', 'display_name': 'Suwaid Aslam', 'link': 'https://stackoverflow.com/users/10910070/suwaid-aslam'}",False,135,0,1,1669689516,1658098098,73015878,CC BY-SA 4.0,https://stackoverflow.com/questions/73015878/how-can-i-make-a-treemap-chart-in-python-plolty-with-discrete-colors,How can I make a Treemap chart in Python Plolty with discrete colors,,1669689516.0,,
4,"['python', 'parallel-processing']","{'account_id': 5140215, 'reputation': 173, 'user_id': 5471451, 'user_type': 'registered', 'accept_rate': 50, 'profile_image': 'https://www.gravatar.com/avatar/1da5b166d5e6dd0a48060afdb2655d13?s=256&d=identicon&r=PG&f=1', 'display_name': 'Matthew Cassell', 'link': 'https://stackoverflow.com/users/5471451/matthew-cassell'}",True,169,1,2,1669688689,1658737833,73106153,CC BY-SA 4.0,https://stackoverflow.com/questions/73106153/parallelising-a-plotting-loop-in-jupyter-notebook,Parallelising a plotting loop in Jupyter notebook,73169234.0,1669688689.0,,
5,"['python', 'warnings', 'scapy']","{'account_id': 25662438, 'reputation': 154, 'user_id': 19428021, 'user_type': 'registered', 'profile_image': 'https://www.gravatar.com/avatar/84347db1380745970bba96448d75f8f6?s=256&d=identicon&r=PG', 'display_name': 'martinmistere', 'link': 'https://stackoverflow.com/users/19428021/martinmistere'}",True,2470,3,1,1669641447,1658471226,73075947,CC BY-SA 4.0,https://stackoverflow.com/questions/73075947/warning-messages-from-scapy,Warning messages from scapy,74601168.0,,,
6,"['python', 'django', 'django-models', 'django-rest-framework', 'django-views']","{'account_id': 25892832, 'reputation': 49, 'user_id': 19619966, 'user_type': 'registered', 'profile_image': 'https://lh3.googleusercontent.com/a/AItbvmnrV8b5BjDdTeBI-5CnO1SD4ylpE-JTK5ggejBO=k-s256', 'display_name': 'Naveen Pandia', 'link': 'https://stackoverflow.com/users/19619966/naveen-pandia'}",False,52,0,-1,1669636750,1658775813,73114153,CC BY-SA 4.0,https://stackoverflow.com/questions/73114153/djangorest-im-not-able-to-set-permission-for-user-model,DjangoRest- I&#39;m not able to set permission for user model,,1669636750.0,,
7,"['python', 'django', 'django-models', 'django-admin', 'django-admin-actions']","{'account_id': 25067769, 'reputation': 1, 'user_id': 18921895, 'user_type': 'registered', 'profile_image': 'https://lh3.googleusercontent.com/a-/AOh14GiMt5I-vZ1w_DoWlL_GmgxLV6LkazKjrZxMQiSUvw=k-s256', 'display_name': 'fan_fiesty', 'link': 'https://stackoverflow.com/users/18921895/fan-fiesty'}",False,183,1,0,1669632909,1658250364,73040960,CC BY-SA 4.0,https://stackoverflow.com/questions/73040960/custom-button-in-django-admin-page-that-when-clicked-will-change-the-field-of,"Custom button in Django Admin page, that when clicked, will change the field of the model to True",,,,
8,"['python', 'swagger', 'swagger-ui', 'fastapi', 'openapi']","{'account_id': 7534991, 'reputation': 10291, 'user_id': 8605685, 'user_type': 'registered', 'profile_image': 'https://graph.facebook.com/1617447244946495/picture?type=large', 'display_name': 'Salvatore', 'link': 'https://stackoverflow.com/users/8605685/salvatore'}",False,603,1,3,1669627975,1657306202,72915808,CC BY-SA 4.0,https://stackoverflow.com/questions/72915808/how-to-create-a-custom-sort-order-for-the-api-methods-in-fastapi-swagger-autodoc,How to create a custom sort order for the API methods in FastAPI Swagger autodocs?,,1660844546.0,,
9,"['python', 'pygame', 'fullscreen']","{'account_id': 4796039, 'reputation': 35, 'user_id': 3873945, 'user_type': 'registered', 'profile_image': 'https://www.gravatar.com/avatar/?s=256&d=identicon&r=PG&f=1', 'display_name': 'Boris Lau', 'link': 'https://stackoverflow.com/users/3873945/boris-lau'}",False,39,0,0,1669624822,1657552321,72940762,,https://stackoverflow.com/questions/72940762/pygame-window-closes-under-linux-when-loosing-focus,Pygame window closes under linux when loosing focus,,1669624822.0,1669130699.0,Duplicate
10,"['python', 'selenium', 'selenium-webdriver', 'web-scraping', 'selenium-chromedriver']","{'account_id': 16278555, 'reputation': 171, 'user_id': 11755155, 'user_type': 'registered', 'profile_image': 'https://lh3.googleusercontent.com/-b3mvxWlnGbg/AAAAAAAAAAI/AAAAAAAAAIk/_l_XQ3y6wQE/photo.jpg?sz=256', 'display_name': 'Gabriel Braico Dornas', 'link': 'https://stackoverflow.com/users/11755155/gabriel-braico-dornas'}",False,39,1,0,1669624449,1656799342,72842706,CC BY-SA 4.0,https://stackoverflow.com/questions/72842706/find-an-elements-text-not-on-screen-during-execution,Find an element&#39;s text not on screen during execution,,1669624449.0,,
11,"['python', 'django']","{'user_type': 'does_not_exist', 'display_name': 'user18970300'}",True,110,1,0,1669616996,1657522675,72934776,CC BY-SA 4.0,https://stackoverflow.com/questions/72934776/how-can-i-get-the-average-of-5-grades-of-user-django,How can I get the average of 5 grades of User?　Django,72937369.0,1657619673.0,,
12,"['python', 'django', 'django-models', 'django-forms']","{'account_id': 24862114, 'reputation': 96, 'user_id': 18737740, 'user_type': 'registered', 'profile_image': 'https://i.stack.imgur.com/68mRz.png?s=256&g=1', 'display_name': 'tices', 'link': 'https://stackoverflow.com/users/18737740/tices'}",True,90,4,0,1669532597,1658494166,73080615,CC BY-SA 4.0,https://stackoverflow.com/questions/73080615/how-to-get-multiple-values-from-a-model-field-into-a-form-choice-field,How to get multiple values from a model field into a form choice field?,73080738.0,1658499132.0,,
13,"['python', 'json', 'discord.py']","{'account_id': 22398624, 'reputation': 1, 'user_id': 16609479, 'user_type': 'registered', 'profile_image': 'https://lh3.googleusercontent.com/a-/AOh14Gh-MYrHi2xD2eenzYMQlNKtmwei9XcARu4cYSwr=k-s256', 'display_name': 'SF Mittens', 'link': 'https://stackoverflow.com/users/16609479/sf-mittens'}",True,90,1,-1,1669510569,1658074453,73013408,CC BY-SA 4.0,https://stackoverflow.com/questions/73013408/indexerror-list-assignment-index-out-of-range-python-json,IndexError: list assignment index out of range [python + json],73013698.0,1669510569.0,,
14,"['python', 'html', 'web-scraping', 'google-forms']","{'account_id': 25902576, 'reputation': 1, 'user_id': 19628205, 'user_type': 'registered', 'profile_image': 'https://www.gravatar.com/avatar/6fab871e9b63b79d7613e8c301b3d3f3?s=256&d=identicon&r=PG', 'display_name': 'forkslinger', 'link': 'https://stackoverflow.com/users/19628205/forkslinger'}",False,41,0,-1,1669508200,1658868453,73129573,CC BY-SA 4.0,https://stackoverflow.com/questions/73129573/web-scraping-a-google-form-with-all-div-tags,Web scraping a google form with all &lt;div&gt; tags,,1669508200.0,,
15,['python'],"{'account_id': 24190916, 'reputation': 11, 'user_id': 18150129, 'user_type': 'registered', 'profile_image': 'https://lh3.googleusercontent.com/a/AATXAJyhoGNmhvIi9LnBmc0F4mS0EegZz9QIrskPsmnG=k-s256', 'display_name': 'Azerukit', 'link': 'https://stackoverflow.com/users/18150129/azerukit'}",True,76,1,0,1669493726,1657508767,72933317,CC BY-SA 4.0,https://stackoverflow.com/questions/72933317/why-is-my-variable-is-unbound-in-one-inner-function-but-not-the-other,Why is my variable is unbound in one inner function but not the other?,72933344.0,1657596410.0,,
16,"['python', 'pip', 'mariadb', 'setup.py']","{'account_id': 21628239, 'reputation': 51, 'user_id': 15952258, 'user_type': 'registered', 'profile_image': 'https://i.stack.imgur.com/ba0zv.jpg?s=256&g=1', 'display_name': 'nhey4kit', 'link': 'https://stackoverflow.com/users/15952258/nhey4kit'}",True,10943,3,2,1669492851,1657094557,72879852,CC BY-SA 4.0,https://stackoverflow.com/questions/72879852/python-setup-py-egg-info-did-not-run-successfully-when-pip-install-mariadb,python setup.py egg_info did not run successfully. when $ pip install mariadb,,1667911742.0,,
17,['python'],"{'account_id': 25911013, 'reputation': 11, 'user_id': 19635251, 'user_type': 'registered', 'profile_image': 'https://www.gravatar.com/avatar/7f3f8c71e5210a4df337ee57653ae5db?s=256&d=identicon&r=PG', 'display_name': 'Scout_vet', 'link': 'https://stackoverflow.com/users/19635251/scout-vet'}",False,88,1,0,1669490929,1659031157,73157305,CC BY-SA 4.0,https://stackoverflow.com/questions/73157305/program-thinks-for-a-while-and-just-says-killed,Program thinks for a while and just says killed,,1659032255.0,,
18,"['python', 'pandas', 'bitcoin', 'cryptojs', 'orderbook']","{'account_id': 25608852, 'reputation': 5, 'user_id': 19382563, 'user_type': 'registered', 'profile_image': 'https://graph.facebook.com/136129455736087/picture?type=large', 'display_name': 'Con-amore Coin', 'link': 'https://stackoverflow.com/users/19382563/con-amore-coin'}",False,81,0,-1,1669484257,1658830228,73121520,CC BY-SA 4.0,https://stackoverflow.com/questions/73121520/order-book-from-cryptocompare-from-json-to-pandas,order book from cryptocompare from json to pandas,,1669484257.0,,
19,"['python', 'sockets', 'bluetooth']","{'account_id': 14631734, 'reputation': 36, 'user_id': 10567287, 'user_type': 'registered', 'profile_image': 'https://www.gravatar.com/avatar/cab23cff32bf9d43603126c34649d1bb?s=256&d=identicon&r=PG&f=1', 'display_name': 'Pasquale', 'link': 'https://stackoverflow.com/users/10567287/pasquale'}",False,92,1,1,1669456827,1658770621,73113252,CC BY-SA 4.0,https://stackoverflow.com/questions/73113252/python-3-9-bluetooth-on-windows-10,Python 3.9+ Bluetooth on Windows 10,,,,
20,"['python', 'tkinter', 'tkinter-button', 'tkinter-label']","{'account_id': 25277338, 'reputation': 45, 'user_id': 19105742, 'user_type': 'registered', 'profile_image': 'https://www.gravatar.com/avatar/0302cf25b8200ad84d4d3fe36b6b0035?s=256&d=identicon&r=PG', 'display_name': 'HarrisonT', 'link': 'https://stackoverflow.com/users/19105742/harrisont'}",True,88,2,0,1669417720,1657355979,72920042,CC BY-SA 4.0,https://stackoverflow.com/questions/72920042/how-do-i-remove-the-border-of-a-image-button-in-tkinter,How do I remove the border of a Image Button in Tkinter?,72921122.0,,,
21,"['python', 'anaconda', 'conda']","{'account_id': 11956435, 'reputation': 139, 'user_id': 8748646, 'user_type': 'registered', 'profile_image': 'https://i.stack.imgur.com/GnPqm.png?s=256&g=1', 'display_name': 'Nuubles', 'link': 'https://stackoverflow.com/users/8748646/nuubles'}",False,495,1,1,1669397776,1659111247,73168204,CC BY-SA 4.0,https://stackoverflow.com/questions/73168204/fresh-install-of-conda-not-working-due-to-keyerrorpkgs-dirs-and-missing-dl,Fresh install of conda not working due to &quot;KeyError(&#39;pkgs_dirs&#39;)&quot; and missing DLLs,,,,
22,"['python', 'docker', 'dockerfile', 'streamlit']","{'account_id': 20159405, 'reputation': 184, 'user_id': 14784770, 'user_type': 'registered', 'profile_image': 'https://www.gravatar.com/avatar/0702d7a974df35caa47cd1d467e25c3d?s=256&d=identicon&r=PG&f=1', 'display_name': 'Fariya ', 'link': 'https://stackoverflow.com/users/14784770/fariya'}",True,336,3,0,1669389171,1658394472,73063486,CC BY-SA 4.0,https://stackoverflow.com/questions/73063486/how-to-create-a-dockerfile-for-streamlit-app,How to create a Dockerfile for streamlit app,73064146.0,1658476740.0,,
23,"['python', 'django', 'django-models', 'django-views']","{'account_id': 24326094, 'reputation': 23, 'user_id': 18265618, 'user_type': 'registered', 'profile_image': 'https://lh3.googleusercontent.com/a-/AOh14GgDqNeoL9_tJ72yixRNg30HFliYM2F8ALMsmQEU=k-s256', 'display_name': 'Sharandeep Singh', 'link': 'https://stackoverflow.com/users/18265618/sharandeep-singh'}",False,53,1,1,1669379334,1657185790,72895325,CC BY-SA 4.0,https://stackoverflow.com/questions/72895325/field-id-expected-a-number-but-got-in-django,Field &#39;id&#39; expected a number but got &#39;&#39; in django,,1657185943.0,,
24,"['python', 'pydantic']","{'user_type': 'does_not_exist', 'display_name': 'user13699857'}",True,478,2,3,1669368013,1659029449,73156982,CC BY-SA 4.0,https://stackoverflow.com/questions/73156982/allow-positional-arguments-for-basemodel-pydantic,Allow positional arguments for BaseModel pydantic,,1659087224.0,,
25,"['python', 'sqlalchemy', 'fastapi']","{'account_id': 489906, 'reputation': 662, 'user_id': 1172412, 'user_type': 'registered', 'accept_rate': 77, 'profile_image': 'https://www.gravatar.com/avatar/3c75a1f9d4ab98bff7c279c49c242913?s=256&d=identicon&r=PG', 'display_name': 'Steven', 'link': 'https://stackoverflow.com/users/1172412/steven'}",True,699,2,0,1669364530,1658834640,73122511,CC BY-SA 4.0,https://stackoverflow.com/questions/73122511/flask-sqlalchemy-dict-object-has-no-attribute-sa-instance-state,Flask SQLAlchemy &#39;dict&#39; object has no attribute &#39;_sa_instance_state&#39;,,1658844254.0,,
26,"['python', 'html', 'flask', 'web-applications', 'httpresponse']","{'account_id': 10890911, 'reputation': 272, 'user_id': 8006721, 'user_type': 'registered', 'profile_image': 'https://www.gravatar.com/avatar/6362471fab1b1ba7fc9f2541beebd082?s=256&d=identicon&r=PG&f=1', 'display_name': 'sushi', 'link': 'https://stackoverflow.com/users/8006721/sushi'}",True,479,3,3,1669330096,1658536752,73087264,CC BY-SA 4.0,https://stackoverflow.com/questions/73087264/flask-load-new-page-after-streaming-data,Flask Load New Page After Streaming Data,73160662.0,,,
27,"['python', 'rest', 'soap', 'soapui']","{'account_id': 17857239, 'reputation': 1, 'user_id': 13988342, 'user_type': 'registered', 'profile_image': 'https://i.stack.imgur.com/yYWOU.jpg?s=256&g=1', 'display_name': 'Александр', 'link': 'https://stackoverflow.com/users/13988342/%d0%90%d0%bb%d0%b5%d0%ba%d1%81%d0%b0%d0%bd%d0%b4%d1%80'}",False,100,0,0,1669307796,1659252801,73181417,CC BY-SA 4.0,https://stackoverflow.com/questions/73181417/soap-request-in-puesc,SOAP request in PUESC,,,,
28,"['python', 'google-colaboratory', 'facebook-prophet']","{'account_id': 23445362, 'reputation': 41, 'user_id': 17502257, 'user_type': 'registered', 'profile_image': 'https://www.gravatar.com/avatar/18b8e84397729c04141a9688ebfb230e?s=256&d=identicon&r=PG', 'display_name': 'Gozdi', 'link': 'https://stackoverflow.com/users/17502257/gozdi'}",True,3917,2,3,1669297059,1658944041,73142498,CC BY-SA 4.0,https://stackoverflow.com/questions/73142498/installing-fbprophet-on-colab,Installing fbprophet on colab,,,,
29,"['python', 'nosql', 'ravendb']","{'account_id': 25515255, 'reputation': 81, 'user_id': 19306215, 'user_type': 'registered', 'profile_image': 'https://lh3.googleusercontent.com/a/AATXAJwyNxDHbtq9Q1TQ4w1j1WCOlqMw2pNe4Dgs6hY_=k-s256', 'display_name': 'o akka', 'link': 'https://stackoverflow.com/users/19306215/o-akka'}",True,57,1,3,1669290833,1658770983,73113315,CC BY-SA 4.0,https://stackoverflow.com/questions/73113315/how-to-insert-more-attachments-in-the-same-time-with-ravendb,How to insert more attachments in the same time with Ravendb,,1659617567.0,,
30,"['python', 'pytorch', 'pycaret', 'skorch']","{'account_id': 2155325, 'reputation': 99, 'user_id': 1910714, 'user_type': 'registered', 'accept_rate': 100, 'profile_image': 'https://www.gravatar.com/avatar/374c12763df8fe385dd8b20b5e542fda?s=256&d=identicon&r=PG', 'display_name': 'user1910714', 'link': 'https://stackoverflow.com/users/1910714/user1910714'}",True,143,1,1,1669286799,1657703289,72963666,CC BY-SA 4.0,https://stackoverflow.com/questions/72963666/using-skorch-with-pycaret-for-regression-problems,Using SKORCH with PyCaret for Regression problems,73759249.0,,,
31,"['python', 'anaconda', 'conda', 'recipe', 'conda-build']","{'account_id': 11287457, 'reputation': 1387, 'user_id': 8277795, 'user_type': 'registered', 'profile_image': 'https://i.stack.imgur.com/ZLmBq.jpg?s=256&g=1', 'display_name': 'Anurag Dhadse', 'link': 'https://stackoverflow.com/users/8277795/anurag-dhadse'}",True,86,1,0,1669263512,1657766903,72974643,CC BY-SA 4.0,https://stackoverflow.com/questions/72974643/conda-build-fails-with-aborting-implicit-building-of-eggs-message,Conda build fails with `Aborting implicit building of eggs.` message,74555576.0,,,
32,"['python', 'cuda', 'gpu', 'nvidia']","{'user_type': 'does_not_exist', 'display_name': 'user19548472'}",True,366,1,-2,1669248776,1657806669,72981644,,https://stackoverflow.com/questions/72981644/how-to-run-pytorch-on-gpu-with-cuda-10-2-on-windows-7,How to run PyTorch on GPU with CUDA 10.2 on Windows 7?,72982123.0,1669248776.0,1657809085.0,Not suitable for this site
33,"['python', 'pandas', 'yfinance']","{'account_id': 25717089, 'reputation': 1, 'user_id': 19474674, 'user_type': 'registered', 'profile_image': 'https://lh3.googleusercontent.com/a-/AOh14GikMhTjKR72odboq8TGk3OqDfo2CJ2WhgBiJgtfRQ=k-s256', 'display_name': 'Catherine Pemblington', 'link': 'https://stackoverflow.com/users/19474674/catherine-pemblington'}",False,79,2,0,1669227325,1656881140,72849792,CC BY-SA 4.0,https://stackoverflow.com/questions/72849792/attempting-to-extract-stock-prices-using-python,Attempting to extract stock prices using python,,,,
34,"['python', 'pandas', 'normalization']","{'account_id': 16030464, 'reputation': 35, 'user_id': 11569543, 'user_type': 'registered', 'profile_image': 'https://www.gravatar.com/avatar/2c90edda0336f4255f1ff47216cae387?s=256&d=identicon&r=PG&f=1', 'display_name': 'ClaskoTheKnight', 'link': 'https://stackoverflow.com/users/11569543/claskotheknight'}",True,55,2,0,1669216392,1657838116,72987309,CC BY-SA 4.0,https://stackoverflow.com/questions/72987309/normalize-input-data-frame-into-separate-frames,Normalize input data frame into separate frames,72987717.0,1659733670.0,,
35,"['python', 'pyinstaller', 'falcon']","{'account_id': 5255437, 'reputation': 1, 'user_id': 4198479, 'user_type': 'registered', 'profile_image': 'https://www.gravatar.com/avatar/56d3dc79be66e7cb0605d29f8d4e95cd?s=256&d=identicon&r=PG&f=1', 'display_name': 'Richard Dijkstra', 'link': 'https://stackoverflow.com/users/4198479/richard-dijkstra'}",False,36,1,0,1669212548,1658840996,73123971,CC BY-SA 4.0,https://stackoverflow.com/questions/73123971/import-issue-for-falcon-responders-in-pyinstaller-executable,Import issue for falcon.responders in pyinstaller executable,,1658944770.0,,
36,"['python', 'word2vec', 'word-embedding']","{'account_id': 23018964, 'reputation': 79, 'user_id': 17140257, 'user_type': 'registered', 'profile_image': 'https://lh3.googleusercontent.com/a/AATXAJzn_49k5eE0s3SqrEgmo8oGBD8Wi_LRbZtQJ7ry=k-s256', 'display_name': 'Vikas Kumar', 'link': 'https://stackoverflow.com/users/17140257/vikas-kumar'}",False,75,1,0,1669209682,1658997271,73149660,CC BY-SA 4.0,https://stackoverflow.com/questions/73149660/valueerror-string-size-must-be-a-multiple-of-element-size-while-implementing-wo,ValueError: string size must be a multiple of element size while implementing Word2Vec,,,,
37,"['python', 'pandas', 'dataframe', 'merge', 'data-munging']","{'account_id': 8033257, 'reputation': 1126, 'user_id': 6057371, 'user_type': 'registered', 'accept_rate': 31, 'profile_image': 'https://www.gravatar.com/avatar/b744e3dbff9c7fdb801570de75f6eff7?s=256&d=identicon&r=PG&f=1', 'display_name': 'okuoub', 'link': 'https://stackoverflow.com/users/6057371/okuoub'}",True,70,2,1,1669207004,1658307119,73048590,CC BY-SA 4.0,https://stackoverflow.com/questions/73048590/pandas-dataframe-how-to-merge-2-dfs-based-on-timedelta,Pandas dataframe how to merge 2 dfs based on timedelta?,73048914.0,1669207004.0,,
38,"['python', 'pandas', 'datetime', 'python-datetime', 'data-munging']","{'account_id': 8033257, 'reputation': 1126, 'user_id': 6057371, 'user_type': 'registered', 'accept_rate': 31, 'profile_image': 'https://www.gravatar.com/avatar/b744e3dbff9c7fdb801570de75f6eff7?s=256&d=identicon&r=PG&f=1', 'display_name': 'okuoub', 'link': 'https://stackoverflow.com/users/6057371/okuoub'}",True,76,3,2,1669206982,1658839295,73123561,CC BY-SA 4.0,https://stackoverflow.com/questions/73123561/pandas-get-delta-from-corresponding-date-in-a-seperate-list-of-dates,pandas get delta from corresponding date in a seperate list of dates,73123695.0,1669206982.0,,
39,"['python', 'cryptography', 'pkcs#7', 'pyopenssl', 'asn1crypto']","{'account_id': 9493824, 'reputation': 13, 'user_id': 7057650, 'user_type': 'registered', 'profile_image': 'https://www.gravatar.com/avatar/13bbf5f1d80f1e4d7eedb6d947397c0c?s=256&d=identicon&r=PG&f=1', 'display_name': 'lcofresi', 'link': 'https://stackoverflow.com/users/7057650/lcofresi'}",True,212,1,0,1669195198,1657733342,72970360,CC BY-SA 4.0,https://stackoverflow.com/questions/72970360/how-to-extract-the-signature-from-a-p7s-file,How to extract the signature from a p7s file?,73087153.0,1657757391.0,,
40,"['python', 'amazon-web-services', 'aws-lambda', 'aws-lambda-layers']","{'account_id': 24080133, 'reputation': 27, 'user_id': 18054902, 'user_type': 'registered', 'profile_image': 'https://www.gravatar.com/avatar/72b47f347dc9c18bfd03862409cdaa69?s=256&d=identicon&r=PG', 'display_name': 'Rambo', 'link': 'https://stackoverflow.com/users/18054902/rambo'}",True,334,1,-1,1669180515,1658208107,73031493,CC BY-SA 4.0,https://stackoverflow.com/questions/73031493/error-in-sending-python-api-request-from-aws-lambda-python-function,Error in sending Python API request from AWS Lambda python function,73033063.0,1669180515.0,,
41,"['python', 'django', 'font-face', 'html-to-pdf', 'xhtml2pdf']","{'account_id': 13122011, 'reputation': 79, 'user_id': 9479133, 'user_type': 'registered', 'profile_image': 'https://www.gravatar.com/avatar/08decea2264fadb4187bd765f4dc3c92?s=256&d=identicon&r=PG&f=1', 'display_name': 'USAMA REHMAN YOUSAF', 'link': 'https://stackoverflow.com/users/9479133/usama-rehman-yousaf'}",False,503,0,1,1669162077,1657276216,72910094,CC BY-SA 4.0,https://stackoverflow.com/questions/72910094/ttferror-at-cant-open-file-c-users-appdata-local-temp-tmp52b4p0wi-ttf,TTFError at / Can&#39;t open file &quot;C:\Users\-\AppData\Local\Temp\tmp52b4p0wi.ttf&quot;,,1657532746.0,,
42,"['python', 'twitter', 'tweepy', 'paginator']","{'account_id': 25873351, 'reputation': 21, 'user_id': 19603858, 'user_type': 'registered', 'profile_image': 'https://www.gravatar.com/avatar/6cc3ab4c75ca32d83a57040269024dc3?s=256&d=identicon&r=PG', 'display_name': 'James Billings', 'link': 'https://stackoverflow.com/users/19603858/james-billings'}",False,394,1,0,1669149826,1658521559,73085747,CC BY-SA 4.0,https://stackoverflow.com/questions/73085747/using-tweepy-and-twitter-api-v2-to-retrieve-replies-from-a-single-tweet,Using Tweepy and Twitter API v2 to retrieve replies from a single Tweet,,,,
43,['python'],"{'account_id': 24199504, 'reputation': 1, 'user_id': 18157537, 'user_type': 'registered', 'profile_image': 'https://lh3.googleusercontent.com/a-/AOh14GgduwEBY1Akv8VWalIW4QwN1wMVDyg6l25L18lmCg=k-s256', 'display_name': 'FAHIM', 'link': 'https://stackoverflow.com/users/18157537/fahim'}",False,221,1,0,1669143744,1657174413,72893031,CC BY-SA 4.0,https://stackoverflow.com/questions/72893031/safen-user-input-part-i-htmlspecialchars,Safen User Input Part I - htmlspecialchars,,1657174521.0,,
44,"['python', 'tensorflow', 'machine-learning', 'deep-learning']","{'account_id': 24336112, 'reputation': 5, 'user_id': 18274148, 'user_type': 'registered', 'profile_image': 'https://www.gravatar.com/avatar/82a97972013af31a4f350550eabee506?s=256&d=identicon&r=PG', 'display_name': 'Harshit Wadhwani', 'link': 'https://stackoverflow.com/users/18274148/harshit-wadhwani'}",False,449,2,0,1669140195,1658075299,73013513,CC BY-SA 4.0,https://stackoverflow.com/questions/73013513/oserror-savedmodel-file-does-not-exist,OSError: SavedModel file does not exist,,,,
45,"['python', 'flask', 'jinja2']","{'account_id': 23632007, 'reputation': 23, 'user_id': 17663588, 'user_type': 'registered', 'profile_image': 'https://lh3.googleusercontent.com/a/AATXAJytdG8siTUN82qRWQX69sZSyB-1QF5SC40NSzr-=k-s256', 'display_name': 'Amish', 'link': 'https://stackoverflow.com/users/17663588/amish'}",True,61,1,0,1669137254,1657456602,72928507,CC BY-SA 4.0,https://stackoverflow.com/questions/72928507/getting-zerodivisionerror-when-not-dividing-by-zero,Getting ZeroDivisionError when NOT dividing by zero,72928545.0,1669137254.0,,
46,"['python', 'webrtc', 'streamlit']","{'account_id': 23774347, 'reputation': 81, 'user_id': 17788022, 'user_type': 'registered', 'profile_image': 'https://graph.facebook.com/439670921041308/picture?type=large', 'display_name': 'Nazima', 'link': 'https://stackoverflow.com/users/17788022/nazima'}",False,266,1,0,1669107781,1658851296,73126521,CC BY-SA 4.0,https://stackoverflow.com/questions/73126521/cant-able-to-install-streamlit-webrtc-package,Cant able to install streamlit-webrtc package,,,,
47,"['python', 'selenium', 'selenium-webdriver']","{'account_id': 12979665, 'reputation': 329, 'user_id': 14358734, 'user_type': 'registered', 'profile_image': 'https://www.gravatar.com/avatar/dce2defaa5522ebcc99e621afed2d0b0?s=256&d=identicon&r=PG&f=1', 'display_name': 'm. lekk', 'link': 'https://stackoverflow.com/users/14358734/m-lekk'}",True,13115,4,5,1669099407,1656924970,72854116,CC BY-SA 4.0,https://stackoverflow.com/questions/72854116/selenium-attributeerror-webdriver-object-has-no-attribute-find-element-by-cs,Selenium AttributeError: &#39;WebDriver&#39; object has no attribute &#39;find_element_by_css_selector&#39;,,,,
48,"['python', 'playwright', 'playwright-python']","{'account_id': 24647491, 'reputation': 47, 'user_id': 18544975, 'user_type': 'registered', 'profile_image': 'https://www.gravatar.com/avatar/e7edc8576e026ca4034d787604c8c6a0?s=256&d=identicon&r=PG', 'display_name': 'python noobie', 'link': 'https://stackoverflow.com/users/18544975/python-noobie'}",True,477,2,2,1669056983,1658262934,73043207,CC BY-SA 4.0,https://stackoverflow.com/questions/73043207/how-to-start-playwright-outside-with-without-context-managers,How to start playwright outside &#39;with&#39; without context managers,,1669056983.0,,
49,"['python', 'exception', 'async-await', 'python-asyncio', 'playwright']","{'account_id': 11721760, 'reputation': 1, 'user_id': 10216112, 'user_type': 'registered', 'profile_image': 'https://www.gravatar.com/avatar/9cb63e8f56135107eb99b783bc4e6049?s=256&d=identicon&r=PG&f=1', 'display_name': 'Himanshuman', 'link': 'https://stackoverflow.com/users/10216112/himanshuman'}",True,451,1,0,1669031510,1658516297,73084960,CC BY-SA 4.0,https://stackoverflow.com/questions/73084960/playwright-on-google-colab-attempt-to-free-invalid-pointer-0x29000020c5a0,Playwright on google colab : Attempt to free invalid pointer 0x29000020c5a0,,1658589722.0,,
50,"['python', 'python-3.x', 'scandir']","{'account_id': 11680383, 'reputation': 69, 'user_id': 8552345, 'user_type': 'registered', 'profile_image': 'https://lh3.googleusercontent.com/-N5lRoif1g84/AAAAAAAAAAI/AAAAAAAAApQ/pDDbr-m8bss/photo.jpg?sz=256', 'display_name': 'Leo Sam', 'link': 'https://stackoverflow.com/users/8552345/leo-sam'}",True,149,3,1,1669027686,1657540052,72938098,CC BY-SA 4.0,https://stackoverflow.com/questions/72938098/list-of-entries-files-and-folders-in-a-directory-tree-by-os-scandir-in-pytho,list of entries (files and folders) in a directory tree by os.scandir() in Python,72939698.0,,,
51,"['python', 'yfinance']","{'account_id': 18302104, 'reputation': 1, 'user_id': 13326656, 'user_type': 'registered', 'profile_image': 'https://lh3.googleusercontent.com/-LdcOhvIDA_0/AAAAAAAAAAI/AAAAAAAAAAA/AAKWJJPFqOB3iZRWJv0pJNIQPRwSOMPdPQ/photo.jpg?sz=256', 'display_name': 'Lien Serolf', 'link': 'https://stackoverflow.com/users/13326656/lien-serolf'}",False,50,1,-1,1668996223,1656605489,72818954,CC BY-SA 4.0,https://stackoverflow.com/questions/72818954/how-do-i-extract-a-value-from-quarterly-cashflow-using-python-and-yfinance,How do I extract a value from quarterly cashflow using python and yfinance,,,,
52,"['python', 'google-api', 'pyinstaller', 'pygsheets']","{'account_id': 24429404, 'reputation': 107, 'user_id': 19199423, 'user_type': 'registered', 'profile_image': 'https://www.gravatar.com/avatar/0a4f11e6175ce920c37d03e4a94069a6?s=256&d=identicon&r=PG', 'display_name': 'glitch_123', 'link': 'https://stackoverflow.com/users/19199423/glitch-123'}",False,201,0,0,1668938865,1656855992,72846996,CC BY-SA 4.0,https://stackoverflow.com/questions/72846996/googleapiclient-errors-unknownapinameorversion-name-sheets-version-v4,googleapiclient.errors.UnknownApiNameOrVersion: name: sheets version: v4,,1656863685.0,,
53,"['python', 'python-3.x', 'pyside6', 'qt6']","{'account_id': 3922969, 'reputation': 5402, 'user_id': 3244542, 'user_type': 'registered', 'profile_image': 'https://www.gravatar.com/avatar/824d97462f60717863214b3efca87c24?s=256&d=identicon&r=PG&f=1', 'display_name': 'CasualDemon', 'link': 'https://stackoverflow.com/users/3244542/casualdemon'}",True,452,1,1,1668920074,1658371074,73060080,CC BY-SA 4.0,https://stackoverflow.com/questions/73060080/how-do-i-use-qt6-dark-theme-with-pyside6,How do I use QT6 Dark Theme with PySide6?,74505698.0,,,
54,"['python', 'numpy', 'scipy']","{'account_id': 25840493, 'reputation': 249, 'user_id': 19576113, 'user_type': 'registered', 'profile_image': 'https://i.stack.imgur.com/0ndJe.png?s=256&g=1', 'display_name': 'Janikas', 'link': 'https://stackoverflow.com/users/19576113/janikas'}",False,103,1,2,1668914651,1658248807,73040647,CC BY-SA 4.0,https://stackoverflow.com/questions/73040647/shift-argument-in-scipy-ndimage-shift,Shift argument in scipy.ndimage.shift,,,,
55,"['python', 'matplotlib', 'variables', 'github', 'plot']","{'account_id': 25768755, 'reputation': 1, 'user_id': 19517998, 'user_type': 'registered', 'profile_image': 'https://www.gravatar.com/avatar/656066677087960d9a34085d101b5a71?s=256&d=identicon&r=PG', 'display_name': 'gniechwiadowicz', 'link': 'https://stackoverflow.com/users/19517998/gniechwiadowicz'}",False,201,1,0,1668894284,1658823294,73119873,CC BY-SA 4.0,https://stackoverflow.com/questions/73119873/new-variable-in-plt-streamplot-broken-streamlines-does-not-work-how-to-fix-th,"New variable in plt.streamplot() broken_streamlines does not work, how to fix this?",,,,
56,"['python', 'regex']","{'account_id': 17440502, 'reputation': 29, 'user_id': 12653098, 'user_type': 'registered', 'profile_image': 'https://www.gravatar.com/avatar/a374249f4f27ed3cf94906cf1af33e48?s=256&d=identicon&r=PG&f=1', 'display_name': 'rzss275', 'link': 'https://stackoverflow.com/users/12653098/rzss275'}",True,71,2,-3,1668843237,1657370061,72921394,CC BY-SA 4.0,https://stackoverflow.com/questions/72921394/regular-expressions-to-exclude-a-specific-format-from-a-list-of-strings,Regular expressions to exclude a specific format from a list of strings,72921460.0,,,
57,"['python', 'windows-10', 'conda']","{'account_id': 6615626, 'reputation': 11, 'user_id': 5108979, 'user_type': 'registered', 'profile_image': 'https://lh4.googleusercontent.com/--P-jZU8ENtU/AAAAAAAAAAI/AAAAAAAAGkw/t_qdpZE5o_g/photo.jpg?sz=256', 'display_name': 'pietro p', 'link': 'https://stackoverflow.com/users/5108979/pietro-p'}",False,229,1,1,1668808543,1658844080,73124802,CC BY-SA 4.0,https://stackoverflow.com/questions/73124802/conda-install-cannot-find-colmap-package,conda install cannot find colmap package,,,,
58,"['python', 'jupyter-notebook', 'seaborn', 'jupyter']","{'account_id': 23742755, 'reputation': 51, 'user_id': 17760607, 'user_type': 'registered', 'profile_image': 'https://lh3.googleusercontent.com/a-/AOh14GhmAs1obnGB7Jqxn5j93e5bU1DuQ7b8fl1eLk63=k-s256', 'display_name': 'Karan Raj', 'link': 'https://stackoverflow.com/users/17760607/karan-raj'}",False,1299,0,5,1668800634,1657000106,72864512,CC BY-SA 4.0,https://stackoverflow.com/questions/72864512/attributeerror-module-pexpect-has-no-attribute-timeout-while-installing-in,AttributeError: module &#39;pexpect&#39; has no attribute &#39;TIMEOUT&#39; while installing in Juypter notebook,,1668800634.0,,
59,"['python', 'csv']","{'account_id': 25692216, 'reputation': 19, 'user_id': 19453483, 'user_type': 'registered', 'profile_image': 'https://www.gravatar.com/avatar/150d6536735cfcf0b8c0387d0be14826?s=256&d=identicon&r=PG', 'display_name': 'jrdev12345', 'link': 'https://stackoverflow.com/users/19453483/jrdev12345'}",True,46,1,0,1668788219,1656603228,72818473,CC BY-SA 4.0,https://stackoverflow.com/questions/72818473/python-not-reading-writing-entire-csv-file,Python not reading/writing entire csv file,72819067.0,1656603663.0,,
60,"['python', 'python-3.x', 'excel', 'xlwings']","{'account_id': 12921928, 'reputation': 97, 'user_id': 9344053, 'user_type': 'registered', 'profile_image': 'https://www.gravatar.com/avatar/fca8b4d2f440ca394f41ec21f36a4e50?s=256&d=identicon&r=PG&f=1', 'display_name': 'Nantourakis', 'link': 'https://stackoverflow.com/users/9344053/nantourakis'}",True,328,2,2,1668787419,1658175000,73028056,CC BY-SA 4.0,https://stackoverflow.com/questions/73028056/how-to-merge-all-worksheets-within-the-same-excel-workbook-using-xlwings-pytho,How to Merge all worksheets within the same excel workbook using Xlwings &amp; Python,73030411.0,1668787419.0,,
61,"['python', 'pytest']","{'account_id': 23433564, 'reputation': 11, 'user_id': 17492029, 'user_type': 'registered', 'profile_image': 'https://graph.facebook.com/4614579781921885/picture?type=large', 'display_name': 'S K', 'link': 'https://stackoverflow.com/users/17492029/s-k'}",False,61,1,0,1668776349,1658588067,73091711,CC BY-SA 4.0,https://stackoverflow.com/questions/73091711/how-to-use-pytest-custom-exit-code-plugin,How to use pytest-custom_exit_code plugin,,1658618123.0,,
62,"['python', 'dataframe', 'streamlit']","{'account_id': 18918856, 'reputation': 397, 'user_id': 13803295, 'user_type': 'registered', 'profile_image': 'https://lh3.googleusercontent.com/a-/AOh14GgfPD8pgqplf9-HXs_ZVFLDfJbPsCgLWhmiBlI4=k-s256', 'display_name': 'sammy', 'link': 'https://stackoverflow.com/users/13803295/sammy'}",True,658,1,2,1668758118,1657003283,72864977,CC BY-SA 4.0,https://stackoverflow.com/questions/72864977/how-to-display-full-column-name-in-dataframe-while-using-streamlit,How to display full column name in dataframe while using streamlit,,,,
63,"['python', 'amazon-web-services', 'amazon-s3', 'aws-glue', 'aws-glue-spark']","{'account_id': 2844616, 'reputation': 690, 'user_id': 2443379, 'user_type': 'registered', 'accept_rate': 36, 'profile_image': 'https://www.gravatar.com/avatar/3be498fbd90ba3bbf837d27921a8b659?s=256&d=identicon&r=PG&f=1', 'display_name': 'Ludwig', 'link': 'https://stackoverflow.com/users/2443379/ludwig'}",True,1211,5,4,1668754954,1658919919,73136808,CC BY-SA 4.0,https://stackoverflow.com/questions/73136808/aws-glue-error-invalid-input-provided-while-running-python-shell-program,AWS Glue error - Invalid input provided while running python shell program,73162640.0,,,
64,"['python', 'pandas', 'dataframe']","{'account_id': 17831273, 'reputation': 181, 'user_id': 16915238, 'user_type': 'registered', 'profile_image': 'https://lh6.googleusercontent.com/-Jpuhufz6_8o/AAAAAAAAAAI/AAAAAAAAAAA/ACHi3rfyv_4lE2sCgsBJWoISW61lvVaqig/photo.jpg?sz=256', 'display_name': 'JoshZ', 'link': 'https://stackoverflow.com/users/16915238/joshz'}",True,75,2,0,1668750008,1656997935,72864282,CC BY-SA 4.0,https://stackoverflow.com/questions/72864282/rolling-quantile-over-multiple-columns,Rolling quantile over multiple columns,72864959.0,1656998485.0,,
65,"['python', 'pandas']","{'account_id': 16571106, 'reputation': 807, 'user_id': 11974225, 'user_type': 'registered', 'profile_image': 'https://www.gravatar.com/avatar/a6a4a52340b870a064d4970bf7d990e9?s=256&d=identicon&r=PG&f=1', 'display_name': 'qwerty', 'link': 'https://stackoverflow.com/users/11974225/qwerty'}",True,108,3,3,1668739651,1658435914,73072372,CC BY-SA 4.0,https://stackoverflow.com/questions/73072372/filter-rows-with-consecutive-numbers,Filter rows with consecutive numbers,73072432.0,,,
66,"['python', 'task', 'python-asyncio', 'event-loop']","{'account_id': 24945629, 'reputation': 43, 'user_id': 18810987, 'user_type': 'registered', 'profile_image': 'https://www.gravatar.com/avatar/b60266f86a82f3abe4da4768213f971f?s=256&d=identicon&r=PG', 'display_name': 'Poision88', 'link': 'https://stackoverflow.com/users/18810987/poision88'}",False,54,0,0,1668727262,1657458787,72928738,CC BY-SA 4.0,https://stackoverflow.com/questions/72928738/python-asyncio-run-in-executor-futures-cant-be-cancelled,Python: Asyncio run_in_executor futures can&#39;t be cancelled,,1668727262.0,,
67,"['python', 'django', 'pytest', 'pytest-django']","{'account_id': 16691936, 'reputation': 319, 'user_id': 12064310, 'user_type': 'registered', 'profile_image': 'https://lh6.googleusercontent.com/-6BYO0TLnHc0/AAAAAAAAAAI/AAAAAAAAAAA/ACHi3rcpLwViaEjvrvcSRGpNtJhrMlvfDg/photo.jpg?sz=256', 'display_name': 'Marcos Severt Silva', 'link': 'https://stackoverflow.com/users/12064310/marcos-severt-silva'}",True,188,1,1,1668723195,1658141428,73021144,CC BY-SA 4.0,https://stackoverflow.com/questions/73021144/pytest-django-use-env-vars-in-settings-py,pytest-django Use env vars in settings.py,,,,
68,"['python', 'azure', 'markdown', 'hosting', 'mkdocs']","{'account_id': 25872800, 'reputation': 11, 'user_id': 19603398, 'user_type': 'registered', 'profile_image': 'https://www.gravatar.com/avatar/f50b9c681eb438b909eeec32bf4362b4?s=256&d=identicon&r=PG', 'display_name': 'Nick', 'link': 'https://stackoverflow.com/users/19603398/nick'}",False,185,1,0,1668718561,1658513386,73084470,CC BY-SA 4.0,https://stackoverflow.com/questions/73084470/deploying-mkdocs-to-azure-web-apps,Deploying Mkdocs to Azure web apps,,1658577148.0,,
69,"['python', 'tensorflow']","{'account_id': 13813780, 'reputation': 45, 'user_id': 9970848, 'user_type': 'registered', 'profile_image': 'https://lh3.googleusercontent.com/-RCv_PSAyz44/AAAAAAAAAAI/AAAAAAAAAAA/AB6qoq0_YstgYeo7FiXa7ZdNoC3-_vn2rQ/mo/photo.jpg?sz=256', 'display_name': 'Adam Karaban', 'link': 'https://stackoverflow.com/users/9970848/adam-karaban'}",True,45,3,0,1668716951,1657827942,72985903,CC BY-SA 4.0,https://stackoverflow.com/questions/72985903/does-the-tensorflow-save-function-automatically-overwrite-old-models-if-not-ho,"Does the TensorFlow save function automatically overwrite old models? If not, how does the save/load system work?",74375618.0,,,
70,"['python', 'python-3.x', 'model', 'midi']","{'account_id': 20082510, 'reputation': 501, 'user_id': 14724837, 'user_type': 'registered', 'profile_image': 'https://lh4.googleusercontent.com/-NiSfzTqO5Xc/AAAAAAAAAAI/AAAAAAAAAAA/AMZuucmo5QJpAOcr4_72DFdICLdlDWulLg/s96-c/photo.jpg?sz=256', 'display_name': 'Megan', 'link': 'https://stackoverflow.com/users/14724837/megan'}",False,8932,2,8,1668708255,1659273279,73183609,CC BY-SA 4.0,https://stackoverflow.com/questions/73183609/error-subprocess-exited-with-error-python,Error: subprocess-exited-with -error. --python,,1659282176.0,,
71,"['python', 'open-telemetry']","{'account_id': 25800325, 'reputation': 11, 'user_id': 19542868, 'user_type': 'registered', 'profile_image': 'https://www.gravatar.com/avatar/cad446f21431e2d4bb518acd74e96f4e?s=256&d=identicon&r=PG', 'display_name': 'Doug Ramirez', 'link': 'https://stackoverflow.com/users/19542868/doug-ramirez'}",False,156,2,1,1668680076,1657723549,72968235,CC BY-SA 4.0,https://stackoverflow.com/questions/72968235/single-log-line,Single log line,,1657724098.0,,
72,"['python', 'python-3.x', 'opencv', 'computer-vision', 'yolov5']","{'account_id': 19344466, 'reputation': 35, 'user_id': 14143310, 'user_type': 'registered', 'profile_image': 'https://www.gravatar.com/avatar/e00229c3a2882cdca79dcea320d41500?s=256&d=identicon&r=PG&f=1', 'display_name': 'Neskelogth', 'link': 'https://stackoverflow.com/users/14143310/neskelogth'}",True,1208,2,1,1668676828,1656695166,72832585,CC BY-SA 4.0,https://stackoverflow.com/questions/72832585/error-loading-yolov5-in-opencv-python-how-to-solve,"Error loading YOLOv5 in opencv python, how to solve?",,,,
73,"['python', 'docker', 'scikit-learn', 'linear-regression']","{'account_id': 4779272, 'reputation': 1293, 'user_id': 3861545, 'user_type': 'registered', 'accept_rate': 85, 'profile_image': 'https://i.stack.imgur.com/afdSY.jpg?s=256&g=1', 'display_name': 'Jyotirmay', 'link': 'https://stackoverflow.com/users/3861545/jyotirmay'}",False,31,0,1,1668676451,1658411797,73067554,CC BY-SA 4.0,https://stackoverflow.com/questions/73067554/test-failed-on-cicd-pipeline-with-varied-linearregression-predictions,Test Failed on CICD Pipeline with varied LinearRegression predictions,,1668676451.0,,
74,"['python', 'windows', 'deep-learning', 'pytorch']","{'account_id': 20093270, 'reputation': 31, 'user_id': 14733291, 'user_type': 'registered', 'profile_image': 'https://www.gravatar.com/avatar/dd5119b0896a70dc1d76115eb8b27d5d?s=256&d=identicon&r=PG&f=1', 'display_name': 'Rextein', 'link': 'https://stackoverflow.com/users/14733291/rextein'}",True,1392,3,2,1668660475,1658667109,73098560,CC BY-SA 4.0,https://stackoverflow.com/questions/73098560/error-happend-when-import-torch-pytorch,Error happend when import torch (pytorch),,,,
75,"['python', 'sql', 'sqlalchemy', 'orm']","{'account_id': 2634097, 'reputation': 731, 'user_id': 5094261, 'user_type': 'registered', 'accept_rate': 46, 'profile_image': 'https://www.gravatar.com/avatar/c2f6790a9ac1c290ae0174a9af2e4311?s=256&d=identicon&r=PG&f=1', 'display_name': 'Shiladitya Bose', 'link': 'https://stackoverflow.com/users/5094261/shiladitya-bose'}",True,1014,2,3,1668627553,1656673481,72828293,CC BY-SA 4.0,https://stackoverflow.com/questions/72828293/difference-between-sqlalchemy-select-and-query-api,Difference between SQLAlchemy Select and Query API,,1656695084.0,,
76,"['python', 'continuous-integration', 'setuptools', 'setuptools-scm']","{'account_id': 8360876, 'reputation': 102, 'user_id': 6279261, 'user_type': 'registered', 'profile_image': 'https://graph.facebook.com/10154302130108968/picture?type=large', 'display_name': 'Nick Gimbal', 'link': 'https://stackoverflow.com/users/6279261/nick-gimbal'}",False,88,1,0,1668567930,1659034464,73157896,CC BY-SA 4.0,https://stackoverflow.com/questions/73157896/python-setuptools-scm-producing-version-with-dev-unable-to-upload-to-pypi,"Python setuptools-scm producing version with .dev, unable to upload to PyPi",,1659101661.0,,
77,"['python', 'matplotlib', 'image-processing', 'scikit-image']","{'account_id': 10960953, 'reputation': 1, 'user_id': 12002732, 'user_type': 'registered', 'profile_image': 'https://www.gravatar.com/avatar/d030a6cd966584248c92be9908c5ebbe?s=256&d=identicon&r=PG&f=1', 'display_name': 'A.Sa', 'link': 'https://stackoverflow.com/users/12002732/a-sa'}",False,138,1,0,1668548685,1658242010,73039063,CC BY-SA 4.0,https://stackoverflow.com/questions/73039063/what-is-the-simplest-way-in-python-to-plot-a-line-profile-of-an-image-for-a-spec,"What is the simplest way in Python to plot a line profile of an image for a specific value of y, specifying the start and end point of the line?",,1658250762.0,,
78,"['python', 'google-cloud-platform', 'connection']","{'account_id': 24096316, 'reputation': 29, 'user_id': 18068760, 'user_type': 'registered', 'profile_image': 'https://lh3.googleusercontent.com/a/AATXAJygJNJ2vQrfojLlh85bHIxljB_qBzR0jbsTnVT0=k-s256', 'display_name': 'Amin Shariffar', 'link': 'https://stackoverflow.com/users/18068760/amin-shariffar'}",False,1450,2,1,1668546993,1656641848,72823768,CC BY-SA 4.0,https://stackoverflow.com/questions/72823768/connecting-to-bigquery-by-python-projectid-and-datasetid-must-be-non-empty,Connecting to Bigquery by Python: ProjectId and DatasetId must be non-empty,,1656652968.0,,
79,"['python', 'plot', 'jupyter-notebook']","{'account_id': 17890138, 'reputation': 1, 'user_id': 15310713, 'user_type': 'registered', 'profile_image': 'https://www.gravatar.com/avatar/50da1f2444405ab1ae3027e0b39de933?s=256&d=identicon&r=PG&f=1', 'display_name': 'Merahamad', 'link': 'https://stackoverflow.com/users/15310713/merahamad'}",True,104,1,-2,1668530239,1656936181,72856413,CC BY-SA 4.0,https://stackoverflow.com/questions/72856413/change-plot-background-color-in-jupyter-notebook,Change plot background color in jupyter notebook,72856748.0,1668530239.0,,
80,"['python', 'html', 'pyscript']","{'account_id': 23211045, 'reputation': 23, 'user_id': 19615620, 'user_type': 'registered', 'profile_image': 'https://lh3.googleusercontent.com/a-/AOh14Gguonn86B24sDqaCosHP0_mwKK0n3xUm5fpwuErsLk=k-s256', 'display_name': 'Miguel Ramirez', 'link': 'https://stackoverflow.com/users/19615620/miguel-ramirez'}",True,512,1,2,1668523443,1658733731,73105350,CC BY-SA 4.0,https://stackoverflow.com/questions/73105350/from-pyscript-how-can-i-access-the-file-that-i-load-from-html,"From pyscript, how can I access the file that I load from html?",73125530.0,1658781175.0,,
81,"['python', 'pandas', 'csv', 'compare']","{'account_id': 16255367, 'reputation': 75, 'user_id': 11738119, 'user_type': 'registered', 'profile_image': 'https://lh6.googleusercontent.com/-tM9qEj1X8ng/AAAAAAAAAAI/AAAAAAAAC78/0Uvci8Dqoaw/photo.jpg?sz=256', 'display_name': 'satyam sangeet', 'link': 'https://stackoverflow.com/users/11738119/satyam-sangeet'}",False,94,2,0,1668505126,1658664011,73098228,CC BY-SA 4.0,https://stackoverflow.com/questions/73098228/how-to-compare-two-columns-of-csv-simultaneously-in-python,How to Compare two columns of CSV simultaneously in Python?,,1668505126.0,,
82,"['python', 'json', 'pandas', 'dataframe']","{'account_id': 5934924, 'reputation': 863, 'user_id': 4668284, 'user_type': 'registered', 'accept_rate': 68, 'profile_image': 'https://i.stack.imgur.com/kn6UR.jpg?s=256&g=1', 'display_name': 'hansolo', 'link': 'https://stackoverflow.com/users/4668284/hansolo'}",False,39,2,0,1668502040,1657657688,72958024,CC BY-SA 4.0,https://stackoverflow.com/questions/72958024/flatten-json-in-dataframe-column,Flatten JSON in Dataframe Column,,,,
83,"['python', 'python-3.x', 'soap', 'soap-client', 'web-api-testing']","{'account_id': 19858292, 'reputation': 33, 'user_id': 14547180, 'user_type': 'registered', 'profile_image': 'https://www.gravatar.com/avatar/f3eb44fa70488a9fde6ab19d1cbd296e?s=256&d=identicon&r=PG&f=1', 'display_name': 'Akash ', 'link': 'https://stackoverflow.com/users/14547180/akash'}",False,116,1,0,1668494736,1658439341,73072903,CC BY-SA 4.0,https://stackoverflow.com/questions/73072903/i-want-to-iterate-through-text-file-every-time-to-read-a-xml-request-and-send-a,I want to iterate through Text file every time to read a xml request and send a POST request to url,,1658473649.0,,
84,"['python', 'selenium', 'exception', 'timeout']","{'account_id': 18667725, 'reputation': 147, 'user_id': 13615143, 'user_type': 'registered', 'profile_image': 'https://www.gravatar.com/avatar/18c0b99fc04d11f0e8a5a3917ecd0c19?s=256&d=identicon&r=PG&f=1', 'display_name': 'L.Bar5522', 'link': 'https://stackoverflow.com/users/13615143/l-bar5522'}",False,74,1,0,1668483846,1657391356,72923760,CC BY-SA 4.0,https://stackoverflow.com/questions/72923760/timeout-exception-while-using-selenium,Timeout Exception while using selenium,,1657445653.0,,
85,"['python', 'list', 'dictionary', 'product']","{'account_id': 25424121, 'reputation': 65, 'user_id': 19229531, 'user_type': 'registered', 'profile_image': 'https://lh3.googleusercontent.com/a-/AOh14GjNZ61L0NrnHL2HpiN80AsQyoLcd4SmONMJGJnd=k-s256', 'display_name': 'Alain Skyter', 'link': 'https://stackoverflow.com/users/19229531/alain-skyter'}",True,94,3,0,1668471413,1658935043,73140553,CC BY-SA 4.0,https://stackoverflow.com/questions/73140553/mappings-two-list-of-dict-by-key,Mappings two list of dict by key,73140995.0,1658935691.0,,
86,"['python', 'python-3.x', 'zodb']","{'account_id': 20379344, 'reputation': 1, 'user_id': 14949789, 'user_type': 'registered', 'profile_image': 'https://www.gravatar.com/avatar/3944fc507bed3b69a3ee7225d3d3fc37?s=256&d=identicon&r=PG&f=1', 'display_name': 'derHund1877', 'link': 'https://stackoverflow.com/users/14949789/derhund1877'}",False,20,1,0,1668442348,1657202819,72899290,CC BY-SA 4.0,https://stackoverflow.com/questions/72899290/zodb-broken-instance,ZODB broken instance,,,,
87,"['python', 'mongodb-query', 'pymongo']","{'account_id': 14665594, 'reputation': 1, 'user_id': 14630590, 'user_type': 'registered', 'profile_image': 'https://www.gravatar.com/avatar/5cc5da86976759466708b98b7a977718?s=256&d=identicon&r=PG&f=1', 'display_name': 'Sreejesh Saya', 'link': 'https://stackoverflow.com/users/14630590/sreejesh-saya'}",False,88,0,0,1668408339,1658128663,73018542,CC BY-SA 4.0,https://stackoverflow.com/questions/73018542/mongo-query-docs-with-multiple-fields-matching-a-tuple-in-an-array,Mongo: Query docs with multiple fields matching a tuple in an array,,,,
88,"['python', 'pandas']","{'account_id': 269335, 'reputation': 3443, 'user_id': 558619, 'user_type': 'registered', 'accept_rate': 72, 'profile_image': 'https://www.gravatar.com/avatar/1618a853824f6ed866aa0fe4385b8687?s=256&d=identicon&r=PG', 'display_name': 'keynesiancross', 'link': 'https://stackoverflow.com/users/558619/keynesiancross'}",True,54,3,1,1668406386,1657131748,72888273,CC BY-SA 4.0,https://stackoverflow.com/questions/72888273/pandas-drop-rows-where-not-totally-duplicated,Pandas - Drop rows where *not* totally duplicated,72888503.0,1657132758.0,,
89,"['python', 'selenium', 'selenium-webdriver', 'xpath']","{'account_id': 7569217, 'reputation': 327, 'user_id': 5743692, 'user_type': 'registered', 'profile_image': 'https://graph.facebook.com/1116513798359869/picture?type=large', 'display_name': 'Vasyl Kolomiets', 'link': 'https://stackoverflow.com/users/5743692/vasyl-kolomiets'}",True,421,3,1,1668380646,1658343428,73056864,CC BY-SA 4.0,https://stackoverflow.com/questions/73056864/what-should-i-import-for-seleniums-by-xpath,What should I import for Selenium&#39;s By.XPATH?,73057414.0,1668380646.0,,
90,"['python', 'class', 'object', 'iterable']","{'account_id': 9537694, 'reputation': 29, 'user_id': 17696496, 'user_type': 'registered', 'profile_image': 'https://i.stack.imgur.com/Xgg6n.jpg?s=256&g=1', 'display_name': 'Twitch008', 'link': 'https://stackoverflow.com/users/17696496/twitch008'}",True,70,2,0,1668378717,1657819217,72984378,,https://stackoverflow.com/questions/72984378/how-to-iterate-through-objects-in-a-class,How to iterate through objects in a class?,72984450.0,1668378717.0,1657819783.0,Duplicate
91,"['python', 'pandas', 'rolling-computation']","{'account_id': 18352294, 'reputation': 323, 'user_id': 13366191, 'user_type': 'registered', 'profile_image': 'https://i.stack.imgur.com/LbiE0.jpg?s=256&g=1', 'display_name': 'Strictly Funk', 'link': 'https://stackoverflow.com/users/13366191/strictly-funk'}",True,195,3,1,1668362793,1657641107,72955109,CC BY-SA 4.0,https://stackoverflow.com/questions/72955109/how-do-i-calculate-a-rolling-sum-by-group-with-monthly-data-in-python,How do i calculate a rolling sum by group with monthly data in Python?,72955268.0,1657641267.0,,
92,"['python', 'spotify']","{'account_id': 25897427, 'reputation': 11, 'user_id': 19623815, 'user_type': 'registered', 'profile_image': 'https://www.gravatar.com/avatar/d7e2cd490dfeca844ec7474c556c5386?s=256&d=identicon&r=PG', 'display_name': 'extralargemilk', 'link': 'https://stackoverflow.com/users/19623815/extralargemilk'}",True,116,1,1,1668338093,1658836314,73122900,CC BY-SA 4.0,https://stackoverflow.com/questions/73122900/spotify-client-credentials-flow-using-python,Spotify Client Credentials Flow using Python,,,,
93,"['python', 'snowpark']","{'account_id': 25701243, 'reputation': 11, 'user_id': 19461254, 'user_type': 'registered', 'profile_image': 'https://lh3.googleusercontent.com/a/AATXAJyMnnsw5H-MQwu5Hl-o9kEnPj493d_q363g0Yqb=k-s256', 'display_name': 'Emre Becit', 'link': 'https://stackoverflow.com/users/19461254/emre-becit'}",True,551,3,1,1668325104,1656685333,72830701,CC BY-SA 4.0,https://stackoverflow.com/questions/72830701/how-to-add-new-python-package-for-snowpark,How to add new python package for Snowpark,,1661323942.0,,
94,"['python', 'heroku', 'streamlit', 'heroku-api']","{'account_id': 25838504, 'reputation': 1, 'user_id': 19574515, 'user_type': 'registered', 'profile_image': 'https://www.gravatar.com/avatar/310f2341ed1b6696db297f9245e6cec3?s=256&d=identicon&r=PG', 'display_name': 'Jaggernaut', 'link': 'https://stackoverflow.com/users/19574515/jaggernaut'}",False,152,1,0,1668278462,1658171484,73027461,CC BY-SA 4.0,https://stackoverflow.com/questions/73027461/oserror-errno-28-inotify-watch-limit-reached,OSError: [Errno 28] inotify watch limit reached,,1658213657.0,,
95,"['python', 'import', 'spacy']","{'account_id': 3702448, 'reputation': 217, 'user_id': 3081750, 'user_type': 'registered', 'profile_image': 'https://www.gravatar.com/avatar/?s=256&d=identicon&r=PG&f=1', 'display_name': 'user3081750', 'link': 'https://stackoverflow.com/users/3081750/user3081750'}",True,4020,3,7,1668261865,1659065801,73161364,CC BY-SA 4.0,https://stackoverflow.com/questions/73161364/unsupportedoperation-fileno-in-spacy-jupyter-notebook,&quot;UnsupportedOperation: fileno&quot; in Spacy Jupyter Notebook,,,,
96,"['python', 'qt', 'pyqt', 'qml', 'pyside6']","{'account_id': 6699197, 'reputation': 119, 'user_id': 5166312, 'user_type': 'registered', 'profile_image': 'https://lh3.googleusercontent.com/-pRzK45Aw4jQ/AAAAAAAAAAI/AAAAAAAAEpc/8RUoD8pXYV4/photo.jpg?sz=256', 'display_name': 'WITC', 'link': 'https://stackoverflow.com/users/5166312/witc'}",True,112,1,1,1668256931,1658908755,73134204,CC BY-SA 4.0,https://stackoverflow.com/questions/73134204/plot-data-by-qt-charts-qml-qt-creator,Plot data by Qt Charts ( qml - QT Creator),73137998.0,1668256931.0,,
97,"['python', 'date', 'parsing', 'error-handling', 'pygooglenews']","{'account_id': 25872536, 'reputation': 21, 'user_id': 19603173, 'user_type': 'registered', 'profile_image': 'https://graph.facebook.com/5668988159780443/picture?type=large', 'display_name': 'Alex Liksman', 'link': 'https://stackoverflow.com/users/19603173/alex-liksman'}",False,229,2,2,1668254083,1658511128,73084068,CC BY-SA 4.0,https://stackoverflow.com/questions/73084068/googlenews-pygooglenews-could-not-parse-your-date-error,GoogleNews- pygooglenews -Could not parse your date error,,1659100683.0,,
98,"['python', 'plotly', 'plotly-python']","{'account_id': 18047780, 'reputation': 25, 'user_id': 13118288, 'user_type': 'registered', 'profile_image': 'https://lh6.googleusercontent.com/-Db_oaeU8cEA/AAAAAAAAAAI/AAAAAAAAAAA/AKF05nDaxhJONwdIevnwntAGaKCadUvCtg/photo.jpg?sz=256', 'display_name': '8mrsteel', 'link': 'https://stackoverflow.com/users/13118288/8mrsteel'}",True,437,2,0,1668245825,1658871813,73130052,CC BY-SA 4.0,https://stackoverflow.com/questions/73130052/how-to-assign-different-fonts-and-size-to-title-and-axis-in-plotly,How to assign different fonts and size to title and axis in plotly?,,,,
99,"['python', 'opencv', 'pycharm']","{'account_id': 25489930, 'reputation': 21, 'user_id': 19284899, 'user_type': 'registered', 'profile_image': 'https://lh3.googleusercontent.com/a-/AOh14GhEzk2d3xH230SHBayNuw261KMeyEvT6tf0-UiNN0Q=k-s256', 'display_name': 'deniz', 'link': 'https://stackoverflow.com/users/19284899/deniz'}",True,1073,2,1,1668242169,1659171276,73174194,CC BY-SA 4.0,https://stackoverflow.com/questions/73174194/opencv-autocomplete-not-working-on-pycharm,opencv autocomplete not working on pycharm,,1661930939.0,,
